ein,organization_name,state,city,total_assets,total_revenue,website,phone,tax_year,mission_description
205205488,Silicon Valley Community Foundation,CA,Mountain View,10356051571.00,1598536976.00,www.siliconvalleycf.org,6504505400,2023,"Silicon Valley Community Foundation (SVCF) connects people, ideas and resources to ensure equity and opportunity for all."
237315673,The Oregon Community Foundation,OR,Portland,2978953625.00,192606151.00,www.oregoncf.org,5032276846,2023,The mission of The Oregon Community Foundation is to improve lives for all Oregonians through the power of philanthropy.
431152398,Greater Kansas City Community Foundation,MO,KANSAS CITY,2795759564.00,462146418.00,WWW.GROWYOURGIVING.ORG,8168420944,2023,"The Greater Kansas City Community Foundation's mission is to improve the quality of life in Greater Kansas City by increasing charitable giving, educating and connecting donors to community needs they care about, and leading on critical community issues."
953510055,CALIFORNIA COMMUNITY FOUNDATION,CA,LOS ANGELES,2111710509.00,270688976.00,WWW.CALFUND.ORG,2134134130,2022,"OUR MISSION IS TO LEAD POSITIVE SYSTEMIC CHANGE THAT STRENGTHENS LOS ANGELES COMMUNITIES. WE ENVISION A FUTURE WHERE ALL ANGELENOS HAVE THE OPPORTUNITY TO CONTRIBUTE TO THE PRODUCTIVITY, HEALTH AND WELL-BEING OF OUR REGION. AND WE BELIEVE THAT OUR COMMON FATE WILL BE DETERMINED BY HOW SUCCESSFULLY WE IMPROVE THE QUALITY OF LIFE FOR ALL OF OUR RESIDENTS. THE IMPACT WE HELP CREATE IS OF, BY AND FOR LOS ANGELES, BECAUSE THE COMMUNITY IS OUR FOUNDATION."
311128781,Community Foundation of Northwest Indiana Inc,IN,MUNSTER,1538643092.00,144595576.00,www.comhs.org,2199348250,2022,"COMMUNITY FOUNDATION OF NORTHWEST INDIANA, INC. PROVIDES SUPPORT FOR ACTIVITIES OF THE AFFILIATED HOSPITALS TO ENGAGE IN THE BETTERMENT OF THE GENERAL HEALTH OF THE COMMUNITIES SERVED WITHIN NORTHWEST INDIANA. COMMUNITY FOUNDATION OF NORTHWEST INDIANA, INC. HELPS COORDINATE ACTIVITIES FOR THE IMPROVED WELL-BEING OF THE HOSPITALS AND THEIR PATIENTS."
581344646,THE COMMUNITY FOUNDATION FOR GREATER,GA,ATLANTA,1315823521.00,340513991.00,WWW.CFGREATERATLANTA.ORG,4046885525,2023,"ATLANTA IS #1 FOR INCOME INEQUALITY IN THE NATION. AS SUCH, THE NEEDS IN OUR COMMUNITY ARE PRESSING AND WE NEED TO MOVE WITH THE URGENCY OF NOW TO ADDRESS THOSE NEEDS. THE COMMUNITY FOUNDATION HAS UNEQUIVOCALLY EMBRACED EQUITY AS OUR #1 PRIORITY. OUR 2022-2026 STRATEGIC PLAN, TOGETHERATL, IS A BLUEPRINT FOR HOW THE COMMUNITY FOUNDATION WILL CHAMPION EQUITY AND LEAD BOLDLY IN COLLABORATION WITH NONPROFIT PARTNERS, CIVIC LEADERS AND DONORS. TOGETHER, WE WILL WORK TO SECURE PROSPERITY FOR ALL THROUGHOUT THE REGION."
222604963,THE RHODE ISLAND COMMUNITY FOUNDATION,RI,PROVIDENCE,1257515540.00,87701485.00,RIFOUNDATION.ORG,4012744564,2023,THE RHODE ISLAND FOUNDATION IS A PROACTIVE COMMUNITY AND PHILANTHROPIC LEADER DEDICATED TO MEETING THE NEEDS OF THE PEOPLE OF RHODE ISLAND.
382530980,COMMUNITY FOUNDATION FOR SOUTHEAST,MI,DETROIT,1142486271.00,128173574.00,WWW.CFSEM.ORG,3139616675,2023,"WE BUILD THE RESOURCES, RELATIONSHIPS AND EXPERTISE REQUIRED TO EXPAND EQUITABLE ACCESS TO OPPORTUNITIES. OUR MISSION IS TO MAKE SOUTHEAST MICHIGAN A DESIRABLE PLACE TO LIVE, WORK AND PLAY FOR ALL RESIDENTS, TODAY AND TOMORROW."
956111928,JEWISH COMMUNITY FOUNDATION OF LOS ANGELES,CA,LOS ANGELES,1115528585.00,149831116.00,WWW.JEWISHFOUNDATIONLA.ORG,3237618700,2023,"The mission of the Jewish Community Foundation of Los Angeles (The Foundation) is to strengthen the Jewish community and community at large by facilitating, increasing, and ensuring effective philanthropy in Los Angeles, nationally, and internationally. To accomplish this mission, The Foundation works with philanthropists, nonprofit organizations, and professional advisors to build meaningful collaborations and support worthy causes. The Foundation and its 1,400-plus donors support a wide range of charitable organizations locally and around the world, Jewish and secular, including synagogues and Jewish day schools, colleges, and universities, health, environmental, social service agencies, and arts and culture organizations."
860348306,ARIZONA COMMUNITY FOUNDATION,AZ,PHOENIX,1113813609.00,95243334.00,WWW.AZFOUNDATION.ORG,6023811400,2023,"TO LEAD, SERVE AND COLLABORATE TO MOBILIZE ENDURING PHILANTHROPY FOR A BETTER ARIZONA.(ADDITIONAL INFORMATION ON SCHEDULE O)"
943007979,MARIN COMMUNITY FOUNDATION,CA,NOVATO,1106991961.00,232749407.00,WWW.MARINCF.ORG,4154642500,2022,"MOBILIZING THE POWER OF COMMUNITY AND THE RESOURCES OF PHILANTHROPY TO ADVANCE EQUITY FOR PEOPLE, PLACES AND THE PLANET."
237160400,GREATER HOUSTON COMMUNITY FOUNDATION,TX,HOUSTON,1019145902.00,242881362.00,WWW.GHCF.ORG,7133332200,2023,"THE MISSION OF THE GREATER HOUSTON COMMUNITY FOUNDATION (GHCF) IS EXPANDING PHILANTHROPIC IMPACT BY CONNECTING DONORS TO THE CAUSES THEY CARE ABOUT, PROVIDING EXCELLENT STEWARDSHIP OF ASSETS ENTRUSTED TO US, AND CONVENING RESOURCES TO ADDRESS IMPORTANT COMMUNITY NEEDS. THROUGH DONOR ADVISED FUNDS, FIELD OF INTEREST FUNDS, DESIGNATED FUNDS, GIVING CIRCLES, SCHOLARSHIP AND OTHER FUNDS ESTABLISHED BY INDIVIDUALS AND CORPORATIONS, GHCF MAKES GRANTS TO OTHER NONPROFIT ORGANIZATIONS THAT PROVIDE A VARIETY OF SERVICES TO THEIR COMMUNITIES. DONORS TO THESE FUNDS ARE PROVIDED WITH EDUCATIONAL OPPORTUNITIES RELATED TO PHILANTHROPY AND COMMUNITY NEEDS. A DATABASE OF NONPROFITS IS MAINTAINED FOR THE BENEFIT OF GHCF DONORS AND THE COMMUNITY AT LARGE. GHCF HAS PROVIDED A NEUTRAL PLATFORM FROM WHICH TO FACILITATE COLLABORATIVE EFFORTS TO ADDRESS SPECIFIC NEEDS IN THE COMMUNITY."
990261283,HAWAII COMMUNITY FOUNDATION,HI,HONOLULU,1018292508.00,270321822.00,WWW.HAWAIICOMMUNITYFOUNDATION.ORG,8085376333,2023,SEE STATEMENT 1
731554474,TULSA COMMUNITY FOUNDATION,OK,TULSA,942737761.00,329499026.00,WWW.TULSACF.ORG,9184948823,2023,TCF IS ORGANIZED AND OPERATED FOR CHARITABLE PURPOSES PRIMARILY FOR THE LONG TERM BENEFIT OF THE TULSA METROPOLITAN AREA AND EASTERN OKLAHOMA CHARITABLE CAUSES.
581723645,COMMUNITY FOUNDATION,TN,MEMPHIS,908669779.00,110784632.00,WWW.CFGM.ORG,9017284600,2023,"THE COMMUNITY FOUNDATION IS A PHILANTHROPIC ORGANIZATION THAT MANAGES CHARITABLE FUNDS WITH A BROAD BASE OF DONORS TO BENEFIT THE AREAS OF WESTERN TENNESSEE, EASTERN ARKANSAS, AND NORTHERN MISSISSIPPI. SINCE 1969, THE COMMUNITY FOUNDATION OF GREATER MEMPHIS HAS BEEN WORKING WITH DONORS, PROFESSIONAL ADVISORS, AND NONPROFITS TO HELP STRENGTHEN THE COMMUNITY THROUGH STRATEGIC PHILANTHROPY AND COMMUNITY GIVING."
460398115,SOUTH DAKOTA COMMUNITY FOUNDATION,SD,Pierre,886126970.00,69242401.00,www.sdcommunityfoundation.org,6052241025,2023,"SEE PART 1, LINE 1."
222743917,COMMUNITY FOUNDATION FOR GREATER BUFFALO,NY,BUFFALO,880132334.00,54971299.00,WWW.CFGB.ORG,7168522857,2023,"THE MISSION OF THE FOUNDATION IS CONNECTING PEOPLE, IDEAS AND RESOURCES TO IMPROVE LIVES IN WESTERN NEW YORK. THE FOUNDATION IS A PUBLIC CHARITY DEDICATED TO HELPING CLIENTS/DONORS MAKE THE MOST OF THEIR GENEROSITY. THE FOUNDATION MANAGES ENDOWED AND NON-ENDOWED FUNDS FOR INDIVIDUALS, FAMILIES AND ORGANIZATIONS AND IS CURRENTLY HOME TO OVER 1,100 NAMED FUNDS. CLIENTS/DONORS CHOOSE TO WORK WITH THE FOUNDATION BECAUSE OF THE FLEXIBILITY IT PROVIDES THEM WHEN ADVISING THEIR GIFTS, ITS SOUND MANAGEMENT OF CHARITABLE ASSETS AND ITS DEEP KNOWLEDGE OF COMMUNITY NEEDS AND GRANTMAKING. THE FOUNDATION ALSO ACTS AS A COMMUNITY LEADER AND CONVENER TO ADDRESS SPECIFIC NEEDS IN OUR REGION. THESE EFFORTS HAVE RESULTED IN SIGNIFICANT IMPROVEMENTS IN EDUCATIONAL ACHIEVEMENT, INCREASING RACIAL/ETHNIC EQUITY, IMPROVING OUR NATURAL ENVIRONMENT, CATALYZING URBAN REVITALIZATION AND STRENGTHENING THE CULTURAL ORGANIZATIONS THAT ANCHOR OUR COMMUNITY."
770528216,SKOLL FUND CO SILICON VALLEY COMMUNITY FOUNDATION,CA,Mountain View,867424730.00,32535459.00,WWW.SKOLL.ORG,6504555411,2023,"The Skoll Fund is a supporting organization associated with Silicon Valley Community Foundation. Together with the Skoll Foundation, a private foundation, its mission is to catalyze transformational social change by investing in, connecting, and championing social entrepreneurs and other social innovators who together advance bold and equitable solutions to the world's most pressing problems."
222281783,COMMUNITY FOUNDATION OF NEW JERSEY,NJ,MORRISTOWN,865093625.00,145893936.00,WWW.CFNJ.ORG,9732675533,2023,"TO CONNECT DONORS TO ORGANIZATIONS, ISSUES AND GEOGRAPHIC AREAS IMPORTANT TO THEM OVER TIME, TO PROVIDE LEADERSHIP AND SUPPORT TO DONORS, COMMUNITY ORGANIZATIONS, LEADERS AND FOUNDATIONS TO ACHIEVE THE ART OF LASTING PHILANTHROPY."
237024262,OKLAHOMA CITY COMMUNITY FOUNDATION INC,OK,OKLAHOMA CITY,857261413.00,77835583.00,WWW.OCCF.ORG,4052355603,2022,TO SERVE THE CHARITABLE NEEDS OF OUR DONORS AND THE OKLAHOMA CITY AREA THROUGH THE DEVELOPMENT AND ADMINISTRATION OF ENDOWMENTS AND OTHER CHARITABLE FUNDS WITH THE GOAL OF ENHANCING VALUE.
237009135,THE COMMUNITY FOUNDATION INC,VA,RICHMOND,800875567.00,119331194.00,WWW.CFRICHMOND.ORG,8043307400,2023,WE BRING PEOPLE TOGETHER TO TRANSFORM OUR COMMUNITY THROUGH INFORMED AND INSPIRED PHILANTHROPY.
521055743,ARKANSAS COMMUNITY FOUNDATION INC,AR,LITTLE ROCK,744463704.00,94928038.00,WWW.ARCF.ORG,5013721116,2023,"ARKANSAS COMMUNITY FOUNDATION ENGAGES PEOPLE, CONNECTS RESOURCES AND INSPIRES SOLUTIONS TO BUILD COMMUNITY."
010391479,Maine Community Foundation Inc,ME,Ellsworth,732240535.00,108670378.00,www.mainecf.org,2076679735,2023,The Maine Community Foundation brings people and resources together to build a better Maine.
066032106,THE COMMUNITY FOUNDATION FOR GREATER NEW,CT,NEW HAVEN,712043213.00,55299428.00,WWW.CFGNH.ORG,2037772386,2023,THE MISSION OF THE COMMUNITY FOUNDATION IS TO CREATE POSITIVE AND SUSTAINABLE CHANGE IN GREATER NEW HAVEN BY INCREASING THE AMOUNT AND ENHANCING THE IMPACT OF COMMUNITY PHILATHROPY.
330378778,ORANGE COUNTY COMMUNITY FOUNDATION,CA,IRVINE,688161320.00,167906641.00,WWW.OC-CF.ORG,9495534202,2023,TRANSFORMING OUR COMMUNITY'S HEARTFELT INTENTION INTO GREATER IMPACT FOR GOOD.
621471789,THE COMMUNITY FOUNDATION OF MIDDLE,TN,NASHVILLE,683009799.00,169682165.00,WWW.CFMT.ORG,6153214939,2023,"THE COMMUNITY FOUNDATION OF MIDDLE TENNESSEE, INC. (THE ""FOUNDATION"") IS A CHARITABLE ORGANIZATION WHOSE PURPOSE IS TO BE A LEADER, CATALYST, AND RESOURCE FOR PHILANTHROPY BY BUILDING AND HOLDING A PERMANENT AND GROWING ENDOWMENT FOR THE MIDDLE TENNESSEE COMMUNITY'S CHANGING NEEDS AND OPPORTUNITIES. THE FOUNDATION PROVIDES FLEXIBLE AND COST-EFFECTIVE WAYS FOR CIVIC-MINDED INDIVIDUALS, FAMILIES, AND COMPANIES TO CONTRIBUTE TO THEIR COMMUNITY. THE ASSETS OF THE FOUNDATION ARE DEVOTED TO CHARITABLE USES OF A PUBLIC NATURE PRIMARILY BENEFITING THE RESIDENTS OF MIDDLE TENNESSEE IN FIELDS SUCH AS SOCIAL SERVICES, EDUCATION, HEALTH, THE ENVIRONMENT, AND THE ARTS."
952504044,JEWISH COMMUNITY FOUNDATION OF SAN DIEGO,CA,SAN DIEGO,671468910.00,172547847.00,WWW.JCFSANDIEGO.ORG,8582792740,2022,"TO COLLABORATE WITH INDIVIDUALS AND ORGANIZATIONS, AND LEVERAGE PHILANTHROPIC CAPITAL FOR POSITIVE IMPACT. TO COMBINE DONOR-DRIVEN PHILANTHROPY, INVESTING, AND EDUCATION WITH TRUSTED, PERSONALIZED SERVICE, ENABLING INDIVIDUALS AND ORGANIZATIONS TO EFFECTIVELY DEDICATE THEIR RESOURCES FOR MAXIMUM BENEFIT IN THE COMMUNITY."
411744184,CATHOLIC COMMUNITY FOUNDATION,MN,ST PAUL,666642788.00,75457779.00,WWW.CCF-MN.ORG,6513890300,2023,"THE MISSION OF THE CATHOLIC COMMUNITY FOUNDATION OF MINNESOTA IS TO SUPPORT FINANCIALLY THE SPIRITUAL, EDUCATIONAL, AND SOCIAL NEEDS OF OUR CATHOLIC COMMUNITY."
593001853,COMMUNITY FOUNDATION OF TAMPA BAY INC,FL,TAMPA,663874004.00,160041596.00,WWW.CFTAMPABAY.ORG,8132821975,2022,INSPIRING AND GROWING PHILANTHROPY AND CIVIC LEADERSHIP FOR MAXIMUM IMPACT IN LOCAL COMMUNITIES.
596150746,THE COMMUNITY FOUNDATION FOR,FL,JACKSONVILLE,655396947.00,104313293.00,JAXCF.ORG,9043564483,2023,WE SERVE THE CITIZENS OF NORTHEAST FLORIDA THROUGH A RANGE OF CHARITABLE AND CIVIC ACTIVITIES WHILE HELPING INDIVIDUALS ACHIEVE THEIR PHILANTHROPIC GOALS.
310997017,THE COMMUNITY FOUNDATION OF,KY,LOUISVILLE,642554528.00,143692154.00,WWW.CFLOUISVILLE.ORG,5025854649,2022,"TO MOBILIZE PEOPLE, NETWORKS, AND CAPITAL TO SPARK MEANINGFUL CHANGE IN AND BEYOND LOUISVILLE. WE CONNECT COMMUNITY RESOURCES AND RELATIONSHIPS TO RELEVANT CAUSES. THE FOUNDATION ADDRESSES A WIDE RANGE OF COMMUNITY ISSUES WITH A KEY PRIORITY TO ADVANCE RACIAL EQUITY AND OPEN OPPORTUNITY FOR ALL."
383333202,KALAMAZOO COMMUNITY FOUNDATION,MI,KALAMAZOO,639999796.00,40712525.00,HTTP://WWW.KALFOUND.ORG,2693814416,2023,"KALAMAZOO COMMUNITY FOUNDATION'S MISSION IS TO MOBILIZE PEOPLE, RESOURCES, AND EXPERTISE TO ADVANCE RACIAL, SOCIAL, AND ECONOMIC JUSTICE."
593649871,GIVEWELL COMMUNITY FOUNDATION INC,FL,LAKELAND,620895896.00,189521247.00,HTTP://WWW.GIVECF.ORG,8636833131,2023,"THE MISSION OF GIVEWELL COMMUNITY FOUNDATION IS TO CHAMPION CHARITABLE GIVING TO IMPROVE THE QUALITY OF LIFE IN THE AREAS WE SERVE, BOTH FOR NOW AND FOR FUTURE GENERATIONS."
751750059,CHRISTIAN COMMUNITY FOUNDATION INC,CO,COLORADO SPRINGS,616655526.00,263240053.00,WWW.WATERSTONE.ORG,7194474620,2023,"HONORING GOD THROUGH THE TRANSFORMATIONAL POWER OF GIVING, SERVING GIVERS AT THE INTERSECTION OF FAITH AND FINANCE, AND BUILDING THE KINGDOM BY TRANSFORMING ASSETS TO LIVING WATER."
946070996,EAST BAY COMMUNITY FOUNDATION,CA,OAKLAND,555507029.00,35927720.00,WWW.EBCF.ORG,5108363223,2022,"THE EAST BAY COMMUNITY FOUNDATION IS A LEADING RESOURCE FOR MOBILIZING RESOURCES AND COMMUNITY LEADERSHIP TO TRANSFORM THE LIVES OF PEOPLE IN THE EAST BAY WITH PRESSING NEEDS. WE HAVE IDENTIFIED TWO, INTER-RELATED ISSUES THAT CAN LEAD TO THIS TRANSFORMATION: SUPPORT FOR YOUNG CHILDREN TO SUCCEED WITH A FOCUS ON THE CRITICAL PERIOD FROM BIRTH TO THIRD GRADE, AND ENHANCING THE ECONOMIC OPPORTUNITIES FOR ADULTS AND FAMILIES, PARTICULARLY THOSE WITH SIGNIFICANT BARRIERS TO ACHIEVING EMPLOYMENT AND FINANCIAL STABILITY."
351793680,Central Indiana Community Foundation Inc,IN,INDIANAPOLIS,546807672.00,67778335.00,WWW.CICF.ORG,3176342423,2023,"TO MOBILIZE PEOPLE, IDEAS AND INVESTMENTS TO MAKE THIS A COMMUNITY WHERE ALL INDIVIDUALS HAVE EQUITABLE OPPORTUNITY TO REACH THEIR FULL POTENTIAL - NO MATTER PLACE, RACE OR IDENTITY."
237343119,Greater Washington Community Foundation,DC,WASHINGTON,530876833.00,99984918.00,www.thecommunityfoundation.org,2029555890,2023,WE ARE GALVANIZING A UNITED COALITION OF DONORS AND DOERS TO ADVANCE A BOLD VISION - GROUNDED IN ECONOMIC JUSTICE - THAT WILL GROW OPPORTUNITY AND SECURE PROSPERITY FOR ALL WHO CALL THIS REGION HOME.(CONTINUED ON SCHEDULE O)
741934031,AUSTIN COMMUNITY FOUNDATION INC,TX,AUSTIN,529456359.00,114740139.00,WWW.AUSTINCF.ORG,5124724486,2023,WE MOBILIZE IDEAS AND RESOURCES TO STRENGTHEN CENTRAL TEXAS.
470645958,Omaha Community Foundation,NE,Omaha,516359184.00,124836841.00,www.omahafoundation.org,4023423458,2023,To serve the community by cultivating generosity and strengthening nonprofits.
221714130,JEWISH COMMUNITY FOUNDATION OF GREATER METROWEST NJ,NJ,Whippany,514926770.00,68519465.00,www.jcfgmw.org,9739293000,2022,"THE MISSION OF JCF IS TO SERVICE THE CHARITABLE AIMS AND INTERESTS OF JCF DONORS BY GATHERING, INVESTING AND DISBURSING CHARITABLE FUNDS ON THEIR BEHALF AND ENCOURAGING ALLOCATION OF THESE MONIES TO ENHANCE AND ENSURE THE CONTINUITY OF CHARITABLE INSTITUTIONS DESIGNATED BY THE DONOR AND APPROVED BY THE JCF BOARD."
752267767,COMMUNITY FOUNDATION OF NORTH TEXAS (TAX,TX,FORT WORTH,513519962.00,86329351.00,WWW.NORTHTEXASCF.ORG,8178770702,2023,TO STRENGTHEN THE COMMUNITY THROUGH CIVIC LEADERSHIP AND TO ENCOURAGE PHILANTHROPY BY PROVIDING COMMUNITY KNOWLEDGE AND RELIABLE STEWARDSHIP TO THOSE WHO WISH TO FULFILL THEIR CHARITABLE GOALS IN A MEANINGFUL WAY--EITHER DURING OR BEYOND THEIR LIFETIMES.
391548450,COMMUNITY FOUNDATION FOR THE FOX VALLEY,WI,APPLETON,502430788.00,50139028.00,WWW.CFFOXVALLEY.ORG,9208301290,2023,WE STRENGTHEN OUR COMMUNITY FOR CURRENT AND FUTURE GENERATIONS BY HELPING PEOPLE MAKE A DIFFERENCE IN THE LIVES OF ALL.
542035996,HAMPTON ROADS COMMUNITY FOUNDATION,VA,NORFOLK,499976716.00,22135120.00,WWW.HAMPTONROADSCF.ORG,7576227951,2023,"MAKE LIFE BETTER IN HAMPTON ROADS THROUGH LEADERSHIP, PHILANTHROPY, AND CIVIC ENGAGEMENT."
237250641,ROCHESTER AREA COMMUNITY FOUNDATION,NY,ROCHESTER,490582295.00,47939929.00,WWW.RACF.ORG,5852714100,2023,TO BUILD A PERMANENT COMMUNITY ENDOWMENT THAT MEETS THE CURRENT AND CHANGING NEEDS OF THIS REGION THROUGH CREATIVE AND EFFECTIVE PHILANTHROPY.
591052433,GULF COAST COMMUNITY FOUNDATION INC,FL,VENICE,482820352.00,54435281.00,WWW.GULFCOASTCF.ORG,9414864600,2023,"TOGETHER WITH OUR DONORS, WE TRANSFORM OUR REGION THROUGH BOLD AND PROACTIVE PHILANTHROPY."
237290968,COMMUNITY FOUNDATION OF THE OZARKS INC,MO,SPRINGFIELD,479855535.00,57707211.00,WWW.CFOZARKS.ORG,4178646199,2023,"THE COMMUNITY FOUNDATION OF THE OZARKS MISSION IS TO ENHANCE THE QUALITY OF LIFE THROUGH RESOURCE DEVELOPMENT, COMMUNITY GRANTMAKING, COLLABORATION, AND PUBLIC LEADERSHIP."
591956886,THE COMMUNITY FOUNDATION OF SARASOTA CO,FL,SARASOTA,464554636.00,80655057.00,WWW.CFSARASOTA.ORG,9419553000,2023,COMMUNITY IMPACT POWERED BY PHILANTHROPY.
311255886,COMMUNITY FOUNDATION,IN,ELKHART,461316930.00,58848264.00,WWW.INSPIRINGGOOD.ORG,5742958761,2023,TO IMPROVE THE QUALITY OF LIFE IN ELKHART COUNTY BY INSPIRING GENEROSITY
581661700,NORTH CAROLINA COMMUNITY FOUNDATION,NC,RALEIGH,459056537.00,47936678.00,WWW.NCCOMMUNITYFOUNDATION.ORG,9198284387,2023,OUR MISSION IS TO INSPIRE NORTH CAROLINIANS TO MAKE LASTING AND MEANINGFUL CONTRIBUTIONS TO THEIR COMMUNITIES. (SEE SCHEDULE O)
382877959,GRAND RAPIDS COMMUNITY FOUNDATION,MI,GRAND RAPIDS,446007139.00,27886402.00,WWW.GRFOUNDATION.ORG,6164541751,2023,OUR MISSION IS TO BUILD AND MANAGE OUR COMMUNITY'S PERMANENT ENDOWMENT AND LEAD THE COMMUNITY TO STRENGTHEN THE LIVES OF ITS PEOPLE.
561223384,THE COMMUNITY FOUNDATION,NC,ASHEVILLE,434889192.00,25935032.00,WWW.CFWNC.ORG,8282544960,2023,THE COMMUNITY FOUNDATION OF WESTERN NORTH CAROLINA PROMOTES AND EXPANDS REGIONAL PHILANTHROPY AND DEVELOPS LOCAL FUNDS THAT ADDRESS CHANGING NEEDS AND OPPORTUNITIES IN THE 18 COUNTIES OF WESTERN NORTH CAROLINA.
431758789,ST LOUIS COMMUNITY FOUNDATION INC,MO,ST LOUIS,421179395.00,90297138.00,WWW.STLGIVES.ORG,3145888200,2023,"TO IMPROVE THE QUALITY OF LIFE IN THE GREATER ST LOUIS METROPOLITAN AREA BY CONNECTING INDIVIDUALS, FAMILIES, AND BUSINESSES TO THEIR PHILANTHROPIC GOALS."
150626910,CENTRAL NEW YORK COMMUNITY FOUNDATION,NY,SYRACUSE,389455496.00,34290952.00,WWW.CNYCF.ORG,3154229538,2022,"OUR MISSION IS TO FOSTER A THRIVING AND EQUITABLE CENTRAL NEW YORK REGION BY LEADING AND INSPIRING A COMMUNITY CULTURE OF GIVING, CELEBRATING LEGACY AND STEWARDING CHARITABLE RESOURCES FOR TODAY AND TOMORROW."
237390313,COASTAL COMMUNITY FOUNDATION,SC,N CHARLESTON,389376801.00,58989034.00,WWW.COASTALCOMMUNITYFOUNDATION.ORG,8437235736,2023,"THE FOUNDATION'S PURPOSE IS TO HELP CREATE VIBRANT COMMUNITIES BY UNITING PEOPLE AND INVESTING RESOURCES. THE FOUNDATION OFFICIALLY SERVES NINE COASTAL COUNTIES - BEAUFORT, BERKELEY, CHARLESTON, COLLETON, DORCHESTER, GEORGETOWN, HAMPTON, HORRY, AND JASPER. THE FOUNDATION ADMINISTERS MORE THAN 800 INDIVIDUAL FUNDS, EACH ESTABLISHED WITH AN INSTRUMENT OF GIFT DESCRIBING EITHER THE GENERAL OR SPECIFIC PURPOSES FOR WHICH GRANTS ARE TO BE MADE. THE FOUNDATION'S WORK IS CARRIED OUT THROUGH ITS DEVELOPMENT & STEWARDSHIP AND GRANTMAKING & COMMUNITY LEADERSHIP EFFORTS."
840920862,Rose Community Foundation,CO,Denver,386893743.00,42222956.00,www.rcfdenver.org,3033987400,2023,"SEE SCHEDULE O. Rose Community Foundation strives to advance inclusive, engaged and equitable Greater Denver communities through values-driven philanthropy. The Foundation envisions a thriving region strengthened by its diversity and generosity, and it utilizes the varied tools at its disposal grantmaking, advocacy and philanthropic services to advance this aspiration. Since its founding in 1995, the Foundation has granted more than $405 million to over 2,000 organizations and initiatives, including $74 million in facilitated grantmaking from donor-advised funds. The Foundation also supports nearly 100 nonprofit organizations in creating and growing endowments to sustain their vital work into the future, currently stewarding $73 million in endowed assets. The Foundation has $396 million in total assets under management and deployed more than $30 million in discretionary, restricted and donor-advised grants in 2023."
941615897,COMMUNITY FOUNDATION FOR MONTEREY COUNTY,CA,MONTEREY,380129927.00,85155926.00,WWW.CFMCO.ORG,8313759712,2023,TO INSPIRE PHILANTHROPY AND BE A CATALYST FOR STRENGTHENING COMMUNITIES THROUGHOUT MONTEREY COUNTY.
911246778,Community Foundation for SW Washington,WA,Vancouver,379675532.00,12440734.00,WWW.CFSWW.ORG,3606942550,2023,"THE FOUNDATIONS MISSION IS TO INSPIRE A CULTURE OF GIVING TO CREATE A VIBRANT AND ENGAGED COMMUNITY. SINCE OUR FOUNDING IN 1984, WE HAVE GRANTED MORE THAN $302 MILLION."
340943665,STARK COMMUNITY FOUNDATION,OH,CANTON,372413705.00,40791835.00,WWW.STARKCF.ORG,3304543426,2023,"WE PARTNER WITH INDIVIDUALS, FAMILIES, BUSINESSES AND NONPROFITS TO HELP THEM ACHIEVE THEIR CHARITABLE GOALS."
256032032,ERIE COMMUNITY FOUNDATION,PA,ERIE,364098561.00,33733321.00,ERIECOMMUNITYFOUNDATION.ORG,8144540843,2023,"THE ERIE COMMUNITY FOUNDATION WORKS TO IMPROVE THE QUALITY OF LIFE FOR ALL IN OUR REGION BY EVALUATING AND ADDRESSING COMMUNITY ISSUES, BUILDING PERMANENT CHARITABLE ENDOWMENTS, AND BY PROMOTING PHILANTHROPIC AND COMMUNITY LEADERSHIP."
222712160,THE VERMONT COMMUNITY FOUNDATION,VT,MIDDLEBURY,358219150.00,52792202.00,WWW.VERMONTCF.ORG,8023883355,2023,THE VERMONT COMMUNITY FOUNDATION HELPS TO BUILD PHILANTHROPIC RESOURCES TO SUSTAIN HEALTHY AND VITAL VERMONT COMMUNITIES. THE FOUNDATION CONNECTS AND MOBILIZES PEOPLE THROUGH GIVING TO MULTIPLY THE IMPACT OF PHILANTHROPY.
582381589,COMMUNITY FOUNDATION OF THE,GA,COLUMBUS,349038349.00,43424174.00,WWW.CFCV.COM,7063200027,2023,"THE COMMUNITY FOUNDATION OF THE CHATTAHOOCHEE VALLEY ENABLES AND PROMOTES PHILANTHROPY THAT INSPIRES, FACILITATES AND FOSTERS A VIBRANT AND ENGAGED CHATTAHOOCHEE VALLEY."
222804785,DELAWARE COMMUNITY FOUNDATION INC,DE,WILMINGTON,346147169.00,32192970.00,WWW.DELCF.ORG,3025718004,2023,OUR MISSION IS TO STRENGTHEN DELAWARE BY MAXIMIZING COMMUNITY-BASED PHILANTHROPY.
383941057,CATHOLIC COMMUNITY FOUNDATION,CA,GLENDALE,313476844.00,29367539.00,WWW.CATHOLICCF-LA.ORG,2134261180,2023,"OUR MISSION IS TO EMPOWER CHARITABLE INDIVIDUALS AND ORGANIZATIONS ACROSS CULTURES AND GENERATIONS THROUGH PROFESSIONAL PHILANTHROPY MANAGEMENT SOLUTIONS THAT ALLOW CLIENTS TO DEVELOP AND SUSTAIN THEIR PHILANTHROPY IN SUPPORT OF CATHOLIC VALUES. THE FOUNDATION ALSO PROVIDES CHARITABLE ORGANIZATIONS WITH THE OPPORTUNITY TO INVEST IN FUNDS THAT ARE MANAGED BY THE ORGANIZATIONS.THE MISSION IS SPECIFICALLY ACHIEVED BY THE FOUNDATION THROUGH GRANTS AND DISTRIBUTIONS FROM ENDOWMENTS AND DESIGNATED FUNDS THAT SUPPORT THE BROAD MISSION OF THE ROMAN CATHOLIC CHURCH THROUGHOUT THE WORLD.THE FOUNDATION'S VALUES INCLUDE UPHOLDING THE DIGNITY OF LIFE FOR ALL, WORKING TO ELIMINATE POVERTY, AND HELPING TO REMOVE BARRIERS THAT DIVIDE PEOPLE IN LARGE, COMPLEX, AND MULTICULTURAL SOCIETIES SUCH AS SOUTHERN CALIFORNIA."
752836123,DALLAS JEWISH COMMUNITY FOUNDATION,TX,DALLAS,310076633.00,43842453.00,WWW.DJCF.ORG,9726451028,2023,"TO BE YOUR PARTNER AND TRUSTED EXPERT IN CHARITABLE GIVING AND EFFECTIVE PHILANTHROPY BY EMPOWERING OUR COMMUNITY'S CHARITABLE VISION, SAFEGUARDING OUR COMMUNITY'S RESOURCES AND BUILDING ENDURING LEGACIES."
880241420,NEVADA COMMUNITY FOUNDATION INC,NV,LAS VEGAS,305853612.00,69619926.00,WWW.NEVADACF.ORG,7028922326,2022,"THE MISSION OF THE NEVADA COMMUNITY FOUNDATION IS TO RECEIVE AND ACCEPT FUNDS TO BE ADMINISTERED AND DISBURSED THROUGH GRANTS EXCLUSIVELY FOR CHARITABLE PURPOSES PRIMARILY IN NEVADA OR FOR THE BENEFIT OF RESIDENTS OF NEVADA, SUPPORT THE SOLVING OF COMMUNITY ISSUES AND TO MATCH DONOR PHILANTHROPIC INTEREST WITH THE MYRIAD NEEDS OF THE COMMUNITY."
341087615,AKRON COMMUNITY FOUNDATION,OH,AKRON,297142559.00,33807174.00,WWW.AKRONCF.ORG,3303768522,2023,"TO IDENTIFY, ACTIVATE, AND SUPPORT INFORMED AND PASSIONATE PHILANTHROPISTS WHO STRIVE TO IMPROVE THE QUALITY OF LIFE IN OUR COMMUNITY. WE ACCOMPLISH THIS BY:- BUILDING A PERMANENT SOURCE OF CHARITABLE FUNDING- CULTIVATING STRATEGIC RELATIONSHIPS WITH DIVERSE CHARITABLE INDIVIDUALS, PROFESSIONAL ADVISORS, AND COMMUNITY ORGANIZATIONS- INSPIRING NEW DONORS BY CAPTURING AND SHARING COMPELLING EXAMPLES OF THE POSITIVE IMPACT OF PHILANTHROPY IN OUR COMMUNITY- EDUCATING AND CONNECTING DONORS TO NONPROFIT ORGANIZATIONS WHOSE NEEDS MATCH THE DONOR'S INTERESTS"
813609752,NEUBAUER FAMILY CHARITABLE TRUST CO SILICON VALLEY COMMUNITY FOUNDATION,CA,Mountain View,296320504.00,0.00,N/A,6504505400,2023,To make grants in support of charitable and educational activities
396038248,MADISON COMMUNITY FOUNDATION,WI,MADISON,294109737.00,20094904.00,WWW.MADISONGIVES.ORG,6082321763,2023,THE MISSION OF MADISON COMMUNITY FOUNDATION IS TO ENHANCE THE COMMON GOOD THROUGH PHILANTHROPY.
631209631,THE COMMUNITY FOUNDATION OF GREATER,AL,BIRMINGHAM,290214848.00,30634267.00,WWW.CFBHAM.ORG,2053273805,2023,THE MISSION OF THE COMMUNITY FOUNDATION OF GREATER BIRMINGHAM IS TO IGNITE PASSION FOR TRANSFORMATIONAL CHANGE IN OUR COMMUNITY.
592396243,COLLIER COMMUNITY FOUNDATION INC,FL,NAPLES,287500292.00,59934736.00,WWW.CFCOLLIER.ORG,2396495000,2023,"TO INCREASE AND FOCUS PRIVATE PHILANTHROPY IN THE COLLIER COUNTY AREA. GIFTS TO THE FOUNDATION ARE MANAGED AND OVERSEEN BY THE BOARD OF DIRECTORS AND THE PROFESSIONAL STAFF OF THE FOUNDATION. ORGANIZATIONS, INDIVIDUALS AND FAMILIES CAN INVEST WITH THE FOUNDATION IN A WAY THAT BEST FITS THEIR FINANCIAL AND CHARITABLE GOALS. ACCOUNTABILITY, FLEXIBILITY AND EXPERTISE ARE THE VALUES AND BEHAVIORS THAT GOVERN ALL FOUNDATION TRANSACTIONS. THE TAX BENEFITS OF INVESTING WITH THE FOUNDATION ARE REALIZED IMMEDIATELY AND CHARITABLE DECISIONS CAN BE DEFERRED."
481215503,Greater Salina Community Foundation,KS,Salina,284739126.00,24911085.00,https://gscf.org/,7858231800,2023,The mission is to build permanent endowment funds and meet charitable community needs.
223089640,COMMUNITY FOUNDATION OF WESTERN,MA,SPRINGFIELD,282374225.00,37016434.00,WWW.COMMUNITYFOUNDATION.ORG,4137322858,2023,"THE COMMUNITY FOUNDATION OF WESTERN MASSACHUSETTS SEEKS TO ENRICH THE QUALITY OF LIFE OF THE PEOPLE OF OUR REGION BY ENCOURAGING PHILANTHROPY, DEVELOPING A PERMANENT, FLEXIBLE ENDOWMENT, ASSESSING AND RESPONDING TO EMERGING AND CHANGING NEEDS, SERVING AS A RESOURCE, CATALYST, AND COORDINATOR FOR CHARITABLE ACTIVITIES, AND PROMOTING EFFICIENCY IN THE MANAGEMENT OF CHARITABLE FUNDS."
561380796,TRIANGLE COMMUNITY FOUNDATION INC,NC,DURHAM,281678721.00,30227826.00,WWW.TRIANGLECF.ORG,9194748370,2022,"WE INSPIRE AND MOBILIZE GIVING, LEADERSHIP, AND ACTION."
436049281,JEWISH COMMUNITY FOUNDATION OF,KS,OVERLAND PARK,280909584.00,19961664.00,WWW.JCFKC.ORG,9133278245,2023,"THE MISSION OF THE JEWISH COMMUNITY FOUNDATION OF GREATER KANSAS CITY IS TO PROMOTE THE PRACTICE OF TZEDAKAH (RIGHTEOUSNESS, CHARITY) AND THE PURSUIT OF TIKKUN OLAM (REPAIRING THE WORLD) BY SERVING AS THE CENTRAL RESOURCE AND ADVOCATE FOR PLANNED GIVING AND ENDOWMENTS IN THE KANSAS CITY JEWISH COMMUNITY."
382190667,COMMUNITY FOUNDATION OF GREATER FLINT,MI,FLINT,279537956.00,43635396.00,WWW.CFGF.ORG,8107678270,2023,THE ORGANIZATION SERVES THE COMMON GOOD IN GENESEE COUNTY - BUILDING A STRONG COMMUNITY BY ENGAGING PEOPLE IN PHILANTHROPY AND DEVELOPING THE COMMUNITY'S PERMANENT ENDOWMENT - NOW AND FOR GENERATIONS TO COME.
237365930,Community Foundation of St Joseph County Inc,IN,South Bend,278288562.00,21649610.00,www.cfsjc.org,5742320041,2023,To improve the quality of life for the citizens of St. Joseph County and their succeeding generations.
237180620,BALTIMORE COMMUNITY FOUNDATION INC,MD,BALTIMORE,278263037.00,35049394.00,WWW.BCF.ORG,4103324172,2023,"THE MISSION OF BALTIMORE COMMUNITY FOUNDATION IS TO INSPIRE DONORS TO ACHIEVE THEIR CHARITABLE GOALS FROM GENERATION TO GENERATION AND TO IMPROVE THE QUALITY OF LIFE IN THE BALTIMORE REGION THROUGH GRANTMAKING, ENLIGHTENED CIVIC LEADERSHIP AND STRATEGIC INVESTMENTS."
521746234,Princeton Area Community Foundation Inc,NJ,Princeton,272241294.00,25299437.00,WWW.PACF.ORG,6092191800,2023,"THE COMMUNITY FOUNDATION PROMOTES PHILANTHROPY TO ADVANCE THE WELL-BEING OF OUR COMMUNITIES. THE COMMUNITY FOUNDATION HAS SEVERAL GRANTMAKING INITIATIVES IN THE AREAS OF EDUCATION, ARTS, BASIC HUMAN NEEDS, CAPACITY BUILDING, AND MORE."
237181875,COMMUNITY FOUNDATION FOR PALM BEACH AND,FL,WEST PALM BEACH,269794994.00,36105180.00,WWW.YOURCOMMUNITYFOUNDATION.ORG,5616596800,2023,"TO ENHANCE THE QUALITY OF LIFE FOR ALL RESIDENTS NOW AND FOR FUTURE GENERATIONS; TO BUILD PERMANENT ENDOWMENTS, TO PROVIDE COMMUNITY LEADERSHIP ON RELEVANT ISSUES, AND TO ADDRESS NEEDS THROUGH GRANTMAKING. AS PART OF OUR STRATEGIC PLAN, THE COMMUNITY FOUNDATION'S GRANTMAKING FOCUSES ON DISCOVERING COLLECTIVE IMPACT PARTNERSHIPS AND LISTENING CLOSELY TO THE NEEDS OF OUR LOCAL COMMUNITY."
381443367,Fremont Area Community Foundation,MI,FREMONT,268983898.00,14863634.00,WWW.FACOMMUNITYFOUNDATION.ORG,2319245350,2023,TO ENHANCE THE QUALITY OF LIFE FOR ALL PEOPLE OF NEWAYGO COUNTY AND SURROUNDING COMMUNITIES.
061083893,FAIRFIELD COUNTY'S COMMUNITY FOUNDATION,CT,NORWALK,267327634.00,21897687.00,WWW.FCCFOUNDATION.ORG,2037503200,2022,SEE SCHEDULE O
760187329,Houston Jewish Community Foundation,TX,Houston,260698520.00,33365368.00,www.hjcf.org,3466994523,2023,"The mission of the Houston Jewish Community Foundation is to reflect the collective charitable hearts of our donors by advising on, receiving, administering, distributing and efficiently serving as the stewards of funds that are designated for the present and future benefit of qualified charitable organizations and promote the practice of tzedakah (righteousness, charity) and the pursuit of tikkun olam (repairing the world) by serving as a central resource and advocate for charitable giving."
561380249,COMMUNITY FOUNDATION OF GREATER,NC,GREENSBORO,260104007.00,15424786.00,WWW.CFGG.ORG,3363799100,2023,"THE COMMUNITY FOUNDATION OF GREATER GREENSBORO INSPIRES GIVING, MAXIMIZES OPPORTUNITIES AND STRENGTHENS COMMUNITIES FOR PRESENT AND FUTURE GENERATIONS."
592477112,COMMUNITY FOUNDATION OF BROWARD INC,FL,FORT LAUDERDALE,257448896.00,24206113.00,WWW.CFBROWARD.ORG,9547619503,2022,TO PROVIDE LEADERSHIP ON COMMUNITY SOLUTIONS AND FOSTER PHILANTHROPY THAT CONNECTS PEOPLE WHO CARE WITH CAUSES THAT MATTER.
470769903,NEBRASKA COMMUNITY FOUNDATION,NE,LINCOLN,256373144.00,66506049.00,WWW.NEBCOMMFOUND.ORG,4023237330,2023,"THE NEBRASKA COMMUNITY FOUNDATION UNLEASHES ABUNDANT LOCAL ASSETS, INSPIRES CHARITABLE GIVING, AND CONNECTS AMBITIOUS PEOPLE TO BUILD STRONGER COMMUNITIES AND A GREATER NEBRASKA."
352100908,HARRISON COUNTY COMMUNITY FOUNDATION,IN,CORYDON,254111339.00,15880407.00,WWW.HCCFINDIANA.ORG,8127386668,2023,"THE MISSION OF THE HARRISON COUNTY COMMUNITY FOUNDATION IS TO INSPIRE AND ASSIST EVERYONE TO EXPERIENCE PHILANTHROPY, PRODUCING POSITIVE AND SUSTAINABLE GROWTH IN HARRISON COUNTY. HCCF'S VISION IS TO GROW HARRISON COUNTY INTO THE BEST COMMUNITY TO LIVE, WORK AND RAISE A FAMILY. HCCF VALUES GENEROSITY, INTEGRITY, SUSTAINABILITY, STEWARDSHIP, INNOVATION, COLLABORATION, INCLUSION, AND EXCELLENCE."
770165029,VENTURA COUNTY COMMUNITY FOUNDATION,CA,CAMARILLO,234037815.00,44884228.00,WWW.VCCF.ORG,8059880196,2023,"THE MISSION OF THE VENTURA COUNTY COMMUNITY FOUNDATION (VCCF) IS CONNECTING PEOPLE, RESOURCES, AND SOLUTIONS TO CREATE LASTING IMPACT IN OUR SHARED WORLD."
386114135,COMMUNITY FOUNDATION FOR MUSKEGON COUNTY,MI,MUSKEGON,233413617.00,18049476.00,WWW.MUSKEGONFOUNDATION.ORG,2317224538,2023,"THE MISSION OF THE COMMUNITY FOUNDATION FOR MUSKEGON COUNTY IS TO BUILD COMMUNITY ENDOWMENT, EFFECT POSITIVE CHANGE THROUGH GRANTMAKING AND PROVIDE LEADERSHIP ON KEY COMMUNITY ISSUES, ALL TO SERVE DONORS' DESIRES TO ENHANCE THE QUALITY OF LIFE FOR THE PEOPLE OF OUR REGION, NOW AND FOR GENERATIONS TO COME"
237284004,TOLEDO COMMUNITY FOUNDATION INC,OH,TOLEDO,233080008.00,26579507.00,WWW.TOLEDOCF.ORG,4192415049,2023,"THE TOLEDO COMMUNITY FOUNDATION, INC. A PUBLIC, CHARITABLE FOUNDATION EXISTS TO IMPROVE THE QUALITY OF LIFE IN THE REGION BY: - PROVIDING A FLEXIBLE, INFORMED, EFFECTIVE MEANS FOR DONORS TO ACHIEVE THEIR CHARITABLE GOALS IN PERPETUITY - ADDRESSING THE CHANGING NEEDS OF THE REGION THROUGH EFFICIENT, PRUDENT, HIGH IMPACT GRANT MAKING - SERVING AS A SOURCE OF INFORMATION ABOUT AND AS A CATALYST IN SHAPING THE REGION'S RESPONSE TO THOSE NEEDS, AND - FACILITATING THE WORK OF OTHER GRANT MAKING ORGANIZATIONS IN ORDER TO ACHIEVE EFFECTIVE AND EFFICIENT GRANT MAKING PRACTICES"
830287513,WYOMING COMMUNITY FOUNDATION,WY,Laramie,230801650.00,22957103.00,www.wycf.org,3077218300,2024,"THE ORGANIZATIONS MISSION IS TO CONNECT PEOPLE WHO CARE WITH CAUSES THAT MATTER TO BUILD A BETTER WYOMING. THE WYOMING COMMUNITY FOUNDATION IS A CHARITABLE ORGANIZATION WHICH BUILDS AND PRESERVES FUNDS ESTABLISHED BY INDIVIDUALS, FAMILIES, CORPORATIONS, AND AGENCIES."
820425063,IDAHO COMMUNITY FOUNDATION INC,ID,BOISE,229038456.00,20258862.00,WWW.IDAHOCF.ORG,2083423535,2023,"TO ENRICH THE QUALITY OF LIFE THROUGHOUT IDAHO. ICF OFFERS WAYS FOR DONORS TO SUPPORT A CHERISHED CAUSE, COMMUNITY OR ORGANIZATION NOW AND FOREVER, AND A STREAMLINED GRANT PROCESS THAT PROVIDES FINANCIAL SUPPORT TO NONPROFIT PROJECTS AND INITIATIVES."
626045999,THE COMMUNITY FOUNDATION OF GREATER,TN,CHATTANOOGA,226608341.00,40039198.00,WWW.CFGC.ORG,4232650586,2023,"TOGETHER WITH OUR COMMUNITY AND PARTNERS, WE TRANSFORM GENEROSITY INTO LASTING CHANGE TOWARDS A PROSPEROUS AND JUST CHATTANOOGA WHERE ALL CAN THRIVE AND ACHIEVE THEIR FULL POTENTIAL."
942808039,COMMUNITY FOUNDATION SANTA CRUZ,CA,APTOS,223502260.00,50381031.00,WWW.CFSCC.ORG,8316622000,2023,"TO PROMOTE PHILANTHROPY TO MAKE SANTA CRUZ COUNTY A BETTER PLACE TO LIVE, NOW AND IN THE FUTURE.WE BRING TOGETHER PEOPLE, IDEAS, AND RESOURCES TO INSPIRE PHILANTHROPY AND ACCOMPLISH GREAT THINGS."
616053466,BLUE GRASS COMMUNITY FOUNDATION INC,KY,LEXINGTON,223373063.00,57159622.00,WWW.BGCF.ORG,8592253343,2022,"ESTABLISHED IN 1967, BLUE GRASS COMMUNITY FOUNDATION'S MISSION IS TO IMPROVE THE QUALITY OF LIFE IN THE BLUEGRASS REGION BY INCREASING CHARITABLE GIVING AND LEADING ON CRITICAL COMMUNITY ISSUES."
942891517,Sacramento Region Community Foundation,CA,Sacramento,222642438.00,65791697.00,www.sacregcf.org,9169217723,2023,"The Sacramento Region Community Foundation leads, serves, and inspires enduring philanthropy for a just and vibrant Sacramento region."
680003212,SONOMA COUNTY COMMUNITY FOUNDATION,CA,SANTA ROSA,219418080.00,15772565.00,WWW.SONOMACF.ORG,7075794073,2023,"WE CONNECT PEOPLE, IDEAS AND RESOURCES TO BENEFIT THE LIVES OF THOSE WHO LIVE IN SONOMA COUNTY."
351119450,COMMUNITY FOUNDATION OF GREATER,IN,FORT WAYNE,219144373.00,22701309.00,WWW.CFGFW.ORG,2604264083,2023,"THE COMMUNITY FOUNDATION OF GREATER FORT WAYNE INSPIRES ENDURING PHILANTHROPY BY ENCOURAGING CHARITABLE GIVING, CONDUCTING MEANINGFUL GRANTMAKING, AND LEADING COMMUNITY INITIATIVES."
621752885,CHRISTIAN COMMUNITY FOUNDATION OF,TN,MEMPHIS,218615139.00,112152644.00,CCFMEMPHIS.COM,9016826201,2023,THE FOUNDATION EXISTS TO BUILD GOD'S KINGDOM BY SERVING DONORS IN THE MID-SOUTH AS THEY SEEK TO PROVIDE RESOURCES FOR GOD'S WORK IN OUR COMMUNITY AND THROUGHOUT THE WORLD.
341908579,CATHOLIC COMMUNITY FOUNDATION,OH,CLEVELAND,217693619.00,19921953.00,WWW.CATHOLICCOMMUNITY.ORG,2166966525,2023,"CATHOLIC COMMUNITY FOUNDATION'S MISSION IS TO FOSTER FAITH-BASED STEWARDSHIP IN THE COMMUNITY FOR SPIRITUAL, EDUCATIONAL AND CHARITABLE BENEFIT FOR ALL."
920155067,The Alaska Community Foundation,AK,Anchorage,213695226.00,27187413.00,www.alaskacf.org,9072746703,2023,SEE SCHEDULE O
470458128,Lincoln Community Foundation Inc,NE,LINCOLN,211371387.00,38435421.00,WWW.LCF.ORG,4024742345,2023,"Inspiring our community to give, act and lead."
386087967,ANN ARBOR AREA COMMUNITY FOUNDATION,MI,ANN ARBOR,208073440.00,10246540.00,WWW.AAACF.ORG,7346630401,2023,"THE ANN ARBOR AREA COMMUNITY FOUNDATION ENRICHES THE QUALITY OF LIFE IN OUR REGION THROUGH ITS KNOWLEDGEABLE LEADERSHIP, ENGAGED GRANTMAKING, AND CREATIVE PARTNERSHIPS WITH DONORS TO MAKE PHILANTHROPIC INVESTMENTS AND BUILD ENDOWMENT."
042572276,GREATER WORCESTER COMMUNITY FOUNDATION,MA,WORCESTER,206196649.00,13729219.00,WWW.GREATERWORCESTER.ORG,5087550980,2023,"GREATER WORCESTER COMMUNITY FOUNDATION'S MISSION IS TO BUILD HEALTHY AND VIBRANT COMMUNITIES IN CENTRAL MASSACHUSETTS. THE FOUNDATION WORKS WITH DONORS, BUILDS CHARITABLE ENDOWMENTS, AND PROVIDES SUPPORT TO NONPROFITS IN THE AREA."
236299868,YORK COUNTY COMMUNITY FOUNDATION,PA,YORK,205052335.00,17057793.00,WWW.YCCF.ORG,7178483733,2023,"WE CREATE A VIBRANT YORK COUNTY BY ENGAGING DONORS, PROVIDING COMMUNITY LEADERSHIP AND INVESTING IN HIGH IMPACT INITIATIVES WHILE BUILDING ENDOWMENT FOR FUTURE GENERATIONS."
752045832,COMMUNITY FOUNDATION OF ABILENE,TX,ABILENE,204338056.00,30555422.00,WWW.CFABILENE.ORG,3256763883,2023,"TO EMPOWER PEOPLE TO MAKE A LASTING CHARITABLE IMPACT ON OUR COMMUNITY. WE CONNECT DONORS TO CAUSES THEY CARE ABOUT, MANAGE STRATEGIC INVESTMENTS TO PRESERVE OUR ENDOWMENTS, MAKE GRANTS THAT ALIGN WITH DONOR INTENT, RESPOND TO COMMUNITY NEEDS AND PROVIDE PHILANTHROPIC LEADERSHIP TO ENHANCE ABILENE'S FUTURE, TODAY."
156016932,THE COMMUNITY FOUNDATION OF HERKIMER AND,NY,UTICA,201478972.00,21224240.00,FOUNDATIONHOC.ORG,3157358212,2023,"WORKING TOWARD ITS VISION OF A VIBRANT REGION WITH OPPORTUNITY FOR ALL, THE COMMUNITY FOUNDATION SUPPORTS AND LEADS TRANSFORMATIONAL INITIATIVES AND PROJECTS THAT BUILD, SUSTAIN AND ENHANCE COMMUNITY VIBRANCY; STEWARDS COMMUNITY RESOURCES TO ENSURE GREATER CAPACITY FOR FUTURE NEEDS; AND RESPONDS TO RISING COMMUNITY NEEDS IN COLLABORATION WITH APPROPRIATE PARTNERS."
743211770,THE COMMUNITY FOUNDATION OF UTAH,UT,SALT LAKE CITY,188525314.00,31129564.00,UTAHCF.ORG,8015593005,2023,"WE ENABLE ALL UTAHNS TO CONTRIBUTE TO OUR COMMUNITY TODAY, ENSURING A BRIGHTER TOMORROW."
810450150,MONTANA COMMUNITY FOUNDATION INC,MT,HELENA,188507909.00,17794838.00,WWW.MTCF.ORG,4064438313,2023,TO CREATE A CULTURE OF GIVING SO MONTANA COMMUNITIES CAN FLOURISH.
200253310,Pasadena Community Foundation,CA,Pasadena,187499474.00,23617491.00,www.pasadenacf.org,6267962097,2024,"Pasadena Community Foundation builds and preserves permanently endowed charitable funds, provides grants and assistance to nurture and strengthen community organizations, serves donors to meet their philanthropic goals and promotes and participates in community partnerships. These grants include PCF, Donor Advised and Field of Interest Grants."
840699243,COMMUNITY FOUNDATION OF NORTHERN,CO,FORT COLLINS,187240104.00,20183644.00,WWW. NOCOFOUNDATION.ORG,9702243462,2022,"THE COMMUNITY FOUNDATION OF NORTHERN COLORADO SERVES OUR COMMUNITY AS A CATALYST FOR COMMUNITY PROJECTS, A SERVICE PROVIDER TO PHILANTHROPISTS AND NONPROFIT ORGANIZATIONS, AND A TRUSTED STEWARD OF LONG-TERM AND OFTEN COMPLEX GIFT ARRANGEMENTS."
942681765,COMMUNITY FOUNDATION FOR,AZ,TUCSON,186272025.00,18652959.00,WWW.CFSAZ.ORG,5207700800,2022,"TO CREATE AN EQUITABLE AND VIBRANT COMMUNITY FOR ALL SOUTHERN ARIZONANS BY CONNECTING DONORS TO THE CAUSES THEY CARE ABOUT, NOW AND FOREVER."
426122716,QUAD CITIES COMMUNITY FOUNDATION,IA,BETTENDORF,184908606.00,14846043.00,WWW.QCCOMMUNITYFOUNDATION.ORG,5633262840,2023,TRANSFORMING OUR REGION THROUGH THE GENEROSITY OF OUR DONORS
726022365,THE COMMUNITY FOUNDATION OF NORTH,LA,SHREVEPORT,183016377.00,18524782.00,WWW.CFNLA.ORG,3182210582,2023,TO STRENGHTHEN THE COMMUNITY THROUGH PHILANTHROPY
392034571,OSHKOSH AREA COMMUNITY FOUNDATION,WI,OSHKOSH,182519717.00,28814672.00,WWW.OSHKOSHAREACF.ORG,9204263993,2023,THE MISSION OF THE OSHKOSH AREA COMMUNITY FOUNDATION CORPORATION IS TO STRENGTHEN OUR COMMUNITIES. THE ORGANIZATION ACCOMPLISHES THIS THROUGH: LEADERSHIP AND FUNDING TO ADDRESS CURRENT AND EMERGING NEEDS; COLLABORATION AND PARTNERSHIP WITH DONORS OR OTHERS TO ENSURE LASTING IMPACT; AND OUTSTANDING STEWARDSHIP AND INSPIRED PHILANTHROPY.
582053465,COMMUNITY FOUNDATION OF CENTRAL,GA,MACON,179298179.00,11032103.00,WWW.CFCGA.ORG,4787509338,2023,TO ENHANCE THE QUALITY OF LIFE FOR THE PEOPLE OF CENTRAL GEORGIA.
570793960,CENTRAL CAROLINA COMMUNITY FOUNDATION,SC,COLUMBIA,178690140.00,53464663.00,WWW.YOURFOUNDATION.ORG,8032545601,2021,"OUR MISSION IS TO PROMOTE, FACILIATE, AND INCREASE PHILANTHROPY TO CREATE A SUSTAINABLE IMPACT WITHIN OUR COMMUNITY THROUGH RESPONSIBLE GIVING. WE ARE A NONPROFIT ORGANIZATION SERVING 11 COUNTIES IN THE MIDLANDS BY DISTRIBUTING GRANTS AND SCHOLARSHIPS AND LINKING THE RESOURCES OF DONORS, NONPROFITS AND COMMUNITY LEADERS TO AREAS OF NEED."
911007459,GREATER TACOMA COMMUNITY FOUNDATION,WA,TACOMA,177618126.00,15483538.00,WWW.GTCF.ORG,2533835622,2023,"ACTING AS A CATALYST, CONNECTOR, AND KNOWLEDGE FACILITATOR TO BUILD RACIALLY EQUITABLE, ACCESSIBLE, INCLUSIVE PIERCE COUNTY WHERE ALL PEOPLE CAN SHAPE AND ACTIVATE THE SYSTEMS THAT AFFECT OUR COMMUNITIES, NOW AND FOR GENERATIONS TO COME."
066038074,THE CONNECTICUT COMMUNITY FOUNDATION,CT,WATERBURY,175543888.00,26062259.00,CONNCF.ORG,2037531315,2024,"TO FOSTER AN EQUITABLE AND INCLUSIVE COMMUNITY IN GREATER WATERBURY AND LITCHFIELD HILLS BY INSPIRING GENEROSITY, SUPPORTING ORGANIZATIONS, AND CULTIVATING EFFECTIVE LEADERS. THE FOUNDATION WORKS TO ADDRESS THE COMMUNITY'S CRITICAL ISSUES, FUNDS PROGRAMS BENEFITING LOCAL RESIDENTS, SUPPORTS EFFORTS TO IMPROVE SYSTEMS TO FOSTER MORE EQUITABLE OUTCOMES FOR RESIDENTS, STRENGTHENS LOCAL ORGANIZATIONS THROUGH LEARNING AND OUTREACH, AND WORKS WITH INDIVIDUALS, FAMILIES AND CORPORATIONS TO STEWARD CHARITABLE AND SCHOLARSHIP FUNDS."
521488711,THE COMMUNITY FOUNDATION OF FREDERICK,MD,FREDERICK,174212069.00,21717355.00,WWW.FREDERICKCOUNTYGIVES.ORG,3016957660,2022,THE COMMUNITY FOUNDATION IS DEDICATED TO CONNECTING PEOPLE WHO CARE WITH CAUSES THAT MATTER TO ENRICH THE QUALITY OF LIFE IN FREDERICK COUNTY NOW AND FOR FUTURE GENERATIONS.
200874857,LANCASTER COUNTY COMMUNITY FOUNDATION,PA,LANCASTER,168826782.00,20208618.00,WWW.LANCFOUND.ORG,7173971629,2023,WE EMBOLDEN EXTRAORDINARY COMMUNITY BY INVESTING IN PEOPLE AND IDEAS THAT WILL SHAPE THE FUTURE OF LANCASTER COUNTY.
721493023,Community Foundation of Acadiana,LA,Lafayette,168320050.00,22874469.00,www.cfacadiana.org,3377694840,2023,The mission of the Community Foundation of Acadiana is to build legacies and improve communities by connecting generous people to the causes they care about.
246013117,FIRST COMMUNITY FOUNDATION PARTNERSHIP,PA,WILLIAMSPORT,167551351.00,19815509.00,WWW.FCFPARTNERSHIP.ORG,5703211500,2024,"FCFP WORKS TO IMPROVE QUALITY OF LIFE IN NORTH CENTRAL PENNSYLVANIA THROUGH COMMUNITY LEADERSHIP, THE PROMOTION OF PHILANTHROPY, THE STRENGTHENING OF NONPROFIT IMPACT, AND THE PERPETUAL STEWARDSHIP OF CHARITABLE ASSETS."
061372107,JEWISH COMMUNITY FOUNDATION OF GREATER HARTFORD INC,CT,West Hartford,167175533.00,9246754.00,jcfhartford.org,8605237460,2022,"The Jewish Community Foundation of Greater Hartford unlocks the trans-formative power of individuals and collective philanthropy to address problems, strengthen community organizations,and provide permanent support for the Jewish Community of Greater Hartford."
426060414,COMMUNITY FOUNDATION OF NORTHEAST,IA,CEDAR FALLS,163398434.00,16618758.00,WWW.CFNEIA.ORG,3192879106,2023,"TO INSPIRE PEOPLE AND CONNECT RESOURCES TO ENRICH OUR COMMUNITIES. THE COMMUNITY FOUNDATION CARRIES OUT THIS MISSION ACROSS ITS 20 COUNTY REGION BY RESPONDING TO CURRENT AND FUTURE CHARITABLE NEEDS OF THE COMMUNITIES IT SERVES. THE FOUNDATION RESPONDS BY SUPPORTING NONPROFITS DOING GOOD IN THEIR COMMUNITIES THROUGH GRANTMAKING AND BY HELPING INDIVIDUALS, FAMILIES AND BUSINESSES ESTABLISH ENDOWMENT FUNDS TO CREATE LONG-TERM POSITIVE IMPACT ON THEIR COMMUNITIES AND THE CAUSES THEY ARE PASSIONATE ABOUT. THE COMMUNITY FOUNDATION ALSO ACTS AS PARTNER AND CONVENER THROUGH COLLABORATION WITH COMMUNITY AND PHILANTHROPIC LEADERS TO ADDRESS THE CHALLENGES IN OUR REGION."
911349486,COMMUNITY FOUNDATION OF NCW,WA,WENATCHEE,163180722.00,30956913.00,WWW.CFNCW.ORG,5096637716,2023,"TO GROW, PROTECT, AND CONNECT CHARITABLE GIFTS IN SUPPORT OF STRONG COMMUNITIES. CFNCW PROVIDES OVERSIGHT AND ADMINISTRATION FOR THE DEVELOPMENT, INVESTMENT, AND DISBURSEMENT OF CHARITABLE DOLLARS AS ENDOWMENTS FOR CHARITABLE BENEFIT TO CHELAN, DOUGLAS, AND OKANOGAN COUNTIES IN WASHINGTON."
596580974,SOUTHWEST FLORIDA COMMUNITY FOUNDATION,FL,FORT MYERS,162968322.00,28118994.00,WWW.COLLABORATORY.ORG,2392745900,2023,"SEE SCHEDULE OCOLLABORATORY IS A COMMUNITY FOUNDATION WITH AN EVOLVED MISSION COMMITTED TO COORDINATING THE SOLVING OF SOUTHWEST FLORIDA'S MAJOR SOCIAL PROBLEMS BY 2040. SINCE OUR FOUNDING IN 1976, WE HAVE BEEN SUPPORTING LOCAL CAUSES AND NONPROFIT WORK, BUT UNFORTUNATELY, MANY OF OUR SOCIAL ISSUES CONTINUE TO STAY THE SAME OR GET WORSE. WE BELIEVE STRONGLY IN THE TRADITIONAL WORK WE DO BUT ARE ALSO COMMITTED TO MAKING A DEEPER IMPACT GOING TO THE ROOT CAUSE OF THE SOCIAL ISSUES PLAGUING OUR REGION. WE ARE A COMMUNITY FOUNDATION WITH OVER $100 MILLION GRANTED OVER THE YEARS, JOINED WITH A MUCH LARGER EFFORT IN COMMUNITY LEADERSHIP. BY BRINGING PEOPLE TOGETHER, WE'RE TACKLING THE ROOT CAUSE AND UPSTREAM ISSUES THAT MAKE THESE GRANTS NECESSARY."
481215574,GREATER MANHATTAN COMMUNITY FOUNDATION,KS,MANHATTAN,162602995.00,37354418.00,WWW.MCFKS.ORG,7855878995,2023,"OUR MISSION IS TO ENHANCE THE QUALITY OF LIFE IN THE GREATER MANHATTAN, KANSAS AREA, BOTH TODAY AND IN THE FUTURE BY ENABLING DONORS TO FULFILL THEIR CHARITABLE DESIRES, BUILDING A PERMANENT ENDOWMENT, FACILITATING PRUDENT MANAGEMENT AND CARE OF FUNDS, AND MEETING NEEDS THROUGH GRANTS, AWARDS, AND SCHOLARSHIPS."
770478025,Central Valley Community Foundation,CA,Fresno,161104627.00,82658498.00,www.centralvalleycf.org,5592265600,2023,We connect capital and communities for a just and thriving Central Valley.
582184345,THE COMMUNITY FOUNDATION FOR THE CENTRAL,GA,AUGUSTA,160175077.00,19377290.00,WWW.CFCSRA.ORG,7067241314,2023,"CULTIVATE GENEROSITY BY GIVING DONORS THE TOOLS AND INFORMATION THEY NEED TO MAKE A SIGNIFICANT DIFFERENCE IN OUR COMMUNITY. STRENGTHEN NON-PROFITS BY CONNECTING ORGANIZATIONS TO FINANCIAL RESOURCES, TRAINING AND OPPORTUNITIES FOR MEANINGFUL COLLABORATION. ENGAGE OUR COMMUNITY AROUND ISSUES THAT MATTER TO US ALL."
521326014,COMMUNITY FOUNDATION OF THE EASTERN SHOR,MD,SALISBURY,159381501.00,13185530.00,WWW.CFES.ORG,4107429911,2022,INSPIRING COMMUNITY PHILANTHROPY AND CONNECTING PEOPLE WHO CARE WITH CAUSES THAT MATTER.
341322781,COMMUNITY FOUNDATION OF LORAIN COUNTY,OH,ELYRIA,155503428.00,7945858.00,WWW.PEOPLEWHOCARE.ORG,4409847390,2023,"THE COMMUNITY FOUNDATION RESPONDS TO THE CHANGING NEEDS OF THE COMMUNITY BY MAKING GRANTS TO LOCAL NONPROFIT ORGANIZATIONS, AWARDING SCHOLARSHIPS TO HELP LOCAL STUDENTS, WORKING TOGETHER WITH DONORS TO BUILD COMMUNITY ENDOWMENT AND PROVIDING LEADERSHIP ON KEY COMMUNITY ISSUES."
880370179,Community Foundation of Northern Nevada,NV,Reno,155102999.00,36497585.00,NevadaFund.org,7753335499,2023,To strengthen our community through philanthropy and leadership by connecting people who care with causes that matter.
830400149,THE CATHOLIC COMMUNITY FOUNDATION,CA,SAN JOSE,154485161.00,14246626.00,WWW.CATHOLICCF.ORG,4089955219,2023,"THE CATHOLIC COMMUNITY FOUNDATION FACILITATES IMPACTFUL GRANTMAKING AND COLLABORATION BY CONNECTING GENEROUS DONORS WITH EFFECTIVE MINISTRIES, PROGRAMS, AND ORGANIZATIONS."
860718936,JEWISH COMMUNITY FOUNDATION OF,AZ,TUCSON,154434650.00,10195518.00,WWW.JPARIZONA.ORG,5205770388,2023,"JEWISH PHILANTHROPIES OF SOUTHERN ARIZONA (JPSA) IS COMMITTED TO ACHIEVING THE FULL POTENTIAL OF JEWISH PHILANTHROPY, NOW AND FOR FUTURE GENERATIONS. COMPRISED OF JEWISH FEDERATION OF SOUTHERN ARIZONA (JFSA OR FEDERATION) AND JEWISH COMMUNITY FOUNDATION (JCF), JPSA PROVIDES PLANNING, VISION, PROGRAMMING, AND FUNDING TO ADDRESS COMMUNITY-WIDE PRIORITIES INCLUDING JEWISH ENGAGEMENT, EDUCATION, OUTREACH, SECURITY, AND ADVOCACY. JCF PARTNERS WITH DONORS AND NON-PROFIT ORGANIZATIONS TO ACHIEVE THEIR PHILANTHROPIC GOALS. FUND HOLDERS BENEFIT FROM JCF'S PROFESSIONAL SERVICES INCLUDING FUND INVESTMENT, MANAGEMENT, REPORTING, GRANTING, AND FIELD OF INTEREST RESEARCH. JCF WORKS WITH INDIVIDUAL DONORS, OFTEN IN COLLABORATION WITH THEIR PROFESSIONAL ADVISORS, TO DEVELOP LEGACY PLANS TO FUND ENDOWMENTS THROUGH TESTAMENTARY PROVISIONS THROUGH THEIR WILLS, TRUSTS, LIFE INSURANCE POLICIES, AND OTHER ESTATE VEHICLES. JCF MANAGES ENDOWMENTS, DONOR ADVISED FUNDS, ORGANIZATION ENDOWMENTS, CUSTODIAL FUNDS,"
156020989,NORTHERN NEW YORK COMMUNITY FOUNDATION,NY,WATERTOWN,152557376.00,19223854.00,HTTPS://WWW.NNYCF.ORG,3157827110,2023,"TO INSPIRE AND CELEBRATE GIVING, STEWARD RESOURCES HONORABLY, AND FOSTER VIBRANT NORTH COUNTRY COMMUNITIES."
631154984,WALKER AREA COMMUNITY FOUNDATION INC,AL,JASPER,151933359.00,32625183.00,WWW.WACF.ORG,2053020001,2024,"TO SERVE AS A NONPROFIT DEDICATED TO THE NURTURE AND ADVANCEMENT OF THE COMMUNITY THROUGH FORMING AND PRESERVING CHARITABLE CAPITAL, AND USING THE PROCEEDS OF THAT CAPITAL TO BETTER THE COMMUNITY AS A WHOLE."
421526614,COMMUNITY FOUNDATION OF GREATER DUBUQUE,IA,DUBUQUE,150582489.00,16038286.00,WWW.DBQFOUNDATION.ORG,5635882700,2023,"THE COMMUNITY FOUNDATION OF GREATER DUBUQUE GROWS PHILANTHROPY TO IMPROVE LIFE IN NORTHEAST IOWA BY SERVING DONORS, STRENGTHENING NONPROFITS AND LEADING COLLABORATIVE INITIATIVES TO ADDRESS COMMUNITY NEEDS."
850295444,ALBUQUERQUE COMMUNITY FOUNDATION,NM,ALBUQUERQUE,150483938.00,12664088.00,WWW.ABQCF.ORG,5058836240,2023,"TO ADMINISTER A PERMANENT COMMUNITY ENDOWMENT FROM WHICH DISTRIBUTIONS ARE USED TO PROVIDE GRANTS TO NON-PROFIT ORGANIZATIONS TO ADDRESS THE SOCIAL, CULTURAL, EDUCATIONAL, ECONOMIC & WORKFORCE DEVELOPMENT NEEDS OF THE ALBUQUERQUE METRO AREA & OTHER GLOBAL OUTREACH ORGANIZATIONS."
351827813,COMMUNITY FOUNDATION OF SOUTHERN,IN,NEW ALBANY,149140581.00,10518355.00,WWW.CFSOUTHERNINDIANA.COM,8129484662,2023,"TO BUILD ENDURING CHARITABLE RESOURCES USED TO POSITIVELY IMPACT OUR COMMUNITY BY: SERVING AS A PARTNER AND RESOURCE FOR DONORS, THEIR ADVISORS, AND NOT-FOR-PROFIT ORGANIZATIONS; MAKING IT SIMPLE FOR DONORS TO FULFILL THEIR INDIVIDUAL GOALS IN GIVING BACK; PROVIDING STEWARDSHIP OF DONOR GIFTS AND CHARITABLE INTENT FOR GENERATIONS TO COME; FULFILLING A LEADERSHIP ROLE ON IMPORTANT COMMUNITY ISSUES"
351830262,COMMUNITY FOUNDATION ALLIANCE INC,IN,EVANSVILLE,148989659.00,18758729.00,WWW.COMMUNITYFOUNDATIONALLIANCE.COM,8124291191,2023,"THE COMMUNITY FOUNDATION ALLIANCE INC IS A CHARITABLE RESOURCE DEVOTED TO ITS LOCAL COMMUNITIES. THE ORGANIZATION HELPS PEOPLE MAKE MEANINGFUL GIFTS THAT IMPROVE LIFE IN DAVIESS, GIBSON, KNOX, PERRY, PIKE, POSEY, SPENCER, VANDERBAUGH, AND WARRICK COUNTIES TODAY AND FOR GENERATIONS TO COME."
161116837,CHAUTAUQUA REGION COMMUNITY FOUNDATION,NY,JAMESTOWN,148038526.00,12280582.00,CRCFONLINE.ORG,7166613390,2024,"THE FOUNDATION IS A NONPROFIT, COMMUNITY CORPORATION CREATED BY AND FOR THE PEOPLE OF CHAUTAUQUA COUNTY. IN PARTNERSHIP WITH OUR COMMUNITY, WE IGNITE POSITIVE CHANGE AND CREATE A LEGACY OF IMPACT."
363978733,THE DUPAGE COMMUNITY FOUNDATION,IL,DOWNERS GROVE,147748024.00,23287805.00,WWW.DUPAGEFOUNDATION.ORG,6306655556,2023,"VISION - THE DUPAGE COMMUNITY FOUNDATION SEEKS TO RAISE THE QUALITY OF LIFE THROUGHOUT DUPAGE COUNTY. MISSION - TO FOSTER PHILANTHROPY, CONNECT DONORS TO AREA NEEDS AND BUILD COMMUNITY PARTNERSHIPS."
561330792,COMMUNITY FOUNDATION OF HENDERSON,NC,HENDERSONVILLE,147445991.00,19963739.00,CFHCFOREVER.ORG,8286976224,2023,"HELPING PEOPLE WHO CARE MAKE LASTING CONTRIBUTIONS TO CAUSES THAT MATTER, COMMUNITY FOUNDATION OF HENDERSON COUNTY IS A HIGHLY VISIBLE, PHILANTHROPIC LEADER DIRECTED BY AN ENGAGED AND COMMITTED BOARD, STAFFED BY QUALIFIED EMPLOYEES, EMPOWERING DONORS AT ALL LEVELS TO INVEST IN PROFESSIONALLY MANAGED CHARITABLE FUNDS THAT ADDRESS COMMUNITY NEEDS."
316038277,HAMILTON COMMUNITY FOUNDATION,OH,HAMILTON,146765472.00,14457747.00,HAMILTONFOUNDATION.ORG,5138631717,2023,"THE FOUNDATION RECEIVES CONTRIBUTIONS FROM DONORS IN THE COMMUNITY AND THEN THROUGH THE ABOVE GIFTS AND GRANTS ENRICH THE COMMUNITY THROUGH STRATEGIC GRANT MAKING IN THE FIELDS OF THE ARTS, EDUCATION, HOUSING, SOCIAL SERVICES, CIVIC BEAUTIFICATION, COMMUNITY DEVELOPMENT AND RECREATION."
382776652,CAPITAL REGION COMMUNITY FOUNDATION,MI,LANSING,145687599.00,9546045.00,WWW.OURCOMMUNITY.ORG,5172722870,2023,"THE MISSION OF THE CAPITAL REGION COMMUNITY FOUNDATION IS TO LEAD PHILANTHROPIC SOLUTIONS THAT BUILD VIBRANT COMMUNITIES IN INGHAM, EATON AND CLINTON COUNTIES."
113422729,BROOKLYN COMMUNITY FOUNDATION,NY,BROOKLYN,141980553.00,39339803.00,WWW.BROOKLYNCOMMUNITYFOUNDATION.ORG,7184807500,2023,SEE SCHEDULE O
237113194,PINELLAS COMMUNITY FOUNDATION,FL,CLEARWATER,140779030.00,13935105.00,PINELLASCF.ORG,7275310058,2023,"TO IMPROVE THE QUALITY OF LIFE IN OUR COMMUNITY BY BRINGING TOGETHER PHILANTHROPY AND SOLUTIONS TO LOCAL ISSUES. FROM THE ISSUES OF CHILDHOOD HUNGER, HOMELESSNESS, OR QUALITY HEALTHCARE TO ARTS EDUCATION OR COLLEGE SCHOLARSHIPS, PCF SUPPORTS A DIVERSE SET OF NONPROFIT ORGANIZATIONS AND CAUSES THAT HAVE A DEEP AND BROAD-RANGING IMPACT REFLECTIVE OF BOTH THE COMMUNITY'S NEEDS AND DONOR WISHES."
450336015,NORTH DAKOTA COMMUNITY FOUNDATION,ND,BISMARCK,138978269.00,20143345.00,WWW.NDCF.NET,7012228349,2023,TO IMPROVE THE QUALITY OF LIFE FOR NORTH DAKOTA'S CITIZENS THROUGH CHARITABLE GIVING AND PROMOTING PHILANTHROPY.
364402089,COMMUNITY FOUNDATION OF NORTHERN IL,IL,ROCKFORD,138751045.00,16953663.00,WWW.CFNIL.ORG,8159622110,2023,"THE COMMUNITY FOUNDATION OF NORTHERN ILLINOIS (""CFNIL"") WAS ESTABLISHED TO SERVE AS A CATALYST FOR GIVING AND A PROMOTER OF PHILANTHROPY. THE FOUNDATION ATTRACTS, PRESERVES, AND GROWS A CHARITABLE ENDOWMENT FOR THE PRESENT AND FUTURE NEEDS OF THE PEOPLE OF NORTHERN ILLINOIS. THE FOUNDATION IDENTIFIES COMMUNITY NEEDS AND CONVENES VOLUNTEERS TO ADVISE THE FOUNDATION'S BOARD IN GRANT MAKING, INVESTMENT, AND SPENDING POLICY DECISIONS. THE FOUNDATION ALSO SERVES AS A CUSTODIAN OF FUNDS FOR NOT-FOR-PROFIT ORGANIZATIONS."
742190039,COASTAL BEND COMMUNITY FOUNDATION,TX,CORPUS CHRISTI,138723755.00,18483344.00,WWW.CBCFOUNDATION.ORG,3618829745,2023,TO ENHANCE THE QUALITY OF LIFE IN THE COASTAL BEND AREA OF TEXAS THROUGH CHARITABLE AND EDUCATIONAL GRANTS.
251637373,COMMUNITY FOUNDATION OF GREATER,PA,JOHNSTOWN,138538315.00,30548742.00,WWW.CFALLEGHENIES.ORG,8145367741,2023,TO SERVE THE BEST INTEREST OF OUR DONORS IN PERPETUATING THEIR PHILANTHROPIC INTEREST IN FINANCIALLY SUPPORTING OUR COMMUNITY.
341281026,WAYNE COUNTY COMMUNITY FOUNDATION,OH,WOOSTER,136879144.00,10272766.00,WWW.WAYNECOUNTYCOMMUNITYFOUNDATION.ORG,3302623877,2023,"THE MISSION OF THE WAYNE COUNTY COMMUNITY FOUNDATION IS TO PROVIDE PHILANTHROPIC LEADERSHIP TO THE COMMUNITY OF WAYNE COUNTY, OHIO. THE THREE GOALS OF THE FOUNDATION ARE 1. TO ENCOURAGE INDIVIDUALS, ORGANIZATIONS AND BUSINESSES TO SHARE PART OF THEIR RESOURCES FOR THE GOOD OF THE COMMUNITY. 2. TO ASSIST COMMUNITY CHARITABLE ORGANIZATIONS IN THE CREATION AND MANAGEMENT OF ENDOWMENTS. 3. TO PROVIDE OVERSIGHT OF INVESTMENT AND DISBURSEMENT OF FUNDS DEVOTED TO CHARITABLE PURPOSES."
330748536,Inland Empire Community Foundation,CA,Riverside,136860693.00,41121733.00,www.iegives.org,9512417777,2023,Strengthening the Inland Empire through Philanthropy.
232769892,BERKS COUNTY COMMUNITY FOUNDATION INC,PA,READING,135142453.00,14492472.00,WWW.BCCF.ORG,6106852223,2023,TO PROMOTE PHILANTHROPY AND IMPROVE THE QUALITY OF LIFE FOR RESIDENTS OF BERKS COUNTY.
581406831,CUMBERLAND COMMUNITY FOUNDATION INC,NC,FAYETTEVILLE,134526751.00,12454210.00,WWW.CUMBERLANDCF.ORG,9104834449,2023,"OUR MISSION IS GIVING TOGETHER TO ENHANCE THE QUALITY AND SPIRIT OF COMMUNITY LIFE. OUR VISION IS A VIBRANT, INCLUSIVE COMMUNITY THAT PROVIDES SUSTAINABLE OPPORTUNITIES FOR GENERATIONS. WE BELIEVE IN : 1) TRUSTWORTHY, ACCOUNTABLE STEWARDSHIP OF ALL CHARITABLE RESOURCES; 2) THE POWER OF COLLECTIVE GIVING TO SUPPORT COMMUNITY NEEDS AND OPPORTUNITIES; 3) ENGAGING OUR DIVERSE COMMUNITY TO IMPROVE THE QUALITY AND SPIRIT OF COMMUNITY LIFE; 4) BUILDING ENDOWMENTS TO SUSTAIN DONOR INTENT AND ACHIEVE COMMUNITY CHANGE FOR THE LONG TERM; AND 5) CONTINUOUS IMPROVEMENT TO ACHIEVE EXCELLENCE IN ALL ASPECTS OF OUR WORK."
366086742,Community Foundation of the Fox River Valley,IL,AURORA,132715598.00,17492898.00,WWW.CFFRV.ORG,6308967800,2023,TO PROVIDE EFFECTIVE AND REWARDING WAYS FOR DONORS TO FULFILL THEIR PHILANTHROPIC OBJECTIVES BY ADMINSTERING CHARITABLE FUNDS THAT DISTRIBUTE GRANTS AND SCHOLARSHIPS TO BENEFIT THE CITIZENS OF KANE AND KENDALL COUNTIES OF ILLINOIS INCLUDING THE GREATER CITY OF AURORA AREA.
830308856,COMMUNITY FOUNDATION OF JACKSON HOLE,WY,JACKSON,132225686.00,53147435.00,HTTPS://WWW.CFJACKSONHOLE.ORG/,3077391026,2023,TO IMPROVE LIVES THROUGH PHILANTHROPIC LEADERSHIP
251407396,COMMUNITY FOUNDATION OF WESTERN,PA,SHARON,131728395.00,20774669.00,WWW.COMM-FOUNDATION.ORG,7249815882,2023,"OUR COMMUNITY FOUNDATION IS A PUBLIC, NON-PROFIT CHARITABLE ORGANIZATION DESIGNED TO ATTRACT AND INVEST PERMANENT ENDOWMENT RESOURCES, WITH THE PURPOSE OF ENHANCING THE QUALITY OF LIFE FOR THE RESIDENTS OF WESTERN PENNSYLVANIA AND EASTERN OHIO, IN ACCORDANCE WITH THE CHARITABLE INTENTIONS OF ITS DONORS WHO WISH TO LEAVE A LEGACY. TO FULFILL THIS MISSION, OUR COMMUNITY FOUNDATION WILL: (1) IDENTIFY AND SUPPORT COMMUNITY-BASED CHARITABLE PURPOSES IN THE AREAS OF HEALTH, EDUCATION, ECONOMIC DEVELOPMENT, HUMAN SERVICES, HISTORICAL, CULTURAL AND ENVIRONMENTAL ACTIVITIES (2) HELP TO SHAPE RESPONSES TO COMMUNITY NEEDS THROUGH PHILANTHROPIC LEADERSHIP, COMMITMENT, AND COMPASSION AND (3) DEMONSTRATE ACCOUNTABILITY AND INTEGRITY IN THE MANAGEMENT OF RESOURCES."
850303044,SANTA FE COMMUNITY FOUNDATION,NM,SANTA FE,130388327.00,19867800.00,HTTP://WWW.SANTAFECF.ORG,5059889715,2023,"THE SANTA FE COMMUNITY FOUNDATION INSPIRES PHILANTHROPIC GENEROSITY, STRENGTHENS NONPROFITS, AND FOSTERS POSITIVE CHANGE TO BUILD A MORE VIBRANT, HEALTHY, AND RESILIENT REGION. THE FOUNDATION'S VISION IS A THRIVING NORTHERN NEW MEXICO, WHERE ALL PEOPLE CAN FIND OPPORTUNITY, BUILD CONNECTIONS, AND CONTRIBUTE TO THE WELL-BEING OF THEIR COMMUNITIES.THE FOUNDATION OFFERS A THOUGHTFUL COMMUNITY GRANTS PROCESS AND STEWARDS FIELDS OF INTEREST FUNDS IN THE FOLLOWING AREAS: HEALTH, EDUCATION, CIVIC AND ECONOMIC OPPORTUNITY, ENVIRONMENT, ARTS AND CULTURE, AND ANIMAL WELFARE.THE FOUNDATION IS BOTH A LEADER IN STRATEGIC PHILANTHROPY AND AN ADVOCATE FOR PURPOSEFUL GIVING IN OUR COMMUNITIES. THE FOUNDATION'S DISCRETIONARY GRANTS ARE MADE TO 501(C)(3) ORGANIZATIONS THAT PRIMARILY PROVIDE PROGRAMS WITHIN THE COUNTIES OF MORA, RIO ARRIBA, SAN MIGUEL, AND SANTA FE."
382045459,BATTLE CREEK COMMUNITY FOUNDATION,MI,BATTLE CREEK,128945978.00,12838227.00,WWW.BCCFOUNDATION.ORG,2699622181,2023,"WE PROMOTE GIVING, BUILD ENDOWMENT, AND PROVIDE LEADERSHIP TO IMPROVE QUALITY OF LIFE."
880362053,The Parasol Tahoe Community Foundation,NV,Incline Village,127807391.00,16435012.00,www.parasol.org,7752980100,2023,"The Foundation envisions a thriving community created through meaningful philanthropy, inclusive communication, and the willingness to explore possibilities together."
386095283,THE COMMUNITY FOUNDATION OF THE,MI,HOLLAND,127748169.00,24035252.00,WWW.CFHZ.ORG,6163966590,2023,"THE COMMUNITY FOUNDATION OF THE HOLLAND/ZEELAND AREA SEEKS TO ENSURE THAT OUR COMMUNITY THRIVES TODAY, TOMORROW, AND FOREVER BY BUILDING OUR COMMUNITY'S ENDOWMENT TO SUPPORT HIGH IMPACT CHARITABLE PROJECTS, HELPING DONORS ACHIEVE THEIR CHARITABLE GOALS, AND LEADING AND PARTNERING IN COMMUNITY-LEVEL INITIATIVES."
581340834,GASTON COMMUNITY FOUNDATION,NC,GASTONIA,126209800.00,9263491.00,WWW.CFGASTON.ORG,7048640927,2023,GASTON COMMUNITY FOUNDATION IS THE PRIMARY STEWARD OF PHILANTHROPIC GIVING BY CONNECTING DONORS WITH COMMUNITY NEEDS TO ENHANCE THE LIVES OF PRESENT AND FUTURE GENERATIONS.
581610318,NORTH GEORGIA COMMUNITY FOUNDATION,GA,GAINESVILLE,126048419.00,25767110.00,WWW.NGCF.ORG,7705357880,2024,THE NORTH GEORGIA COMMUNITY FOUNDATION HELPS PEOPLE AND NON-PROFITS INVEST GENEROUSLY IN THE LIVES OF THOSE WHO CALL OUR COMMUNITY HOME.
382023395,MIDLAND AREA COMMUNITY FOUNDATION,MI,MIDLAND,125987299.00,13513786.00,WWW.MIDLANDFOUNDATION.ORG,9898399661,2023,"OUR MISSION IS TO PROVIDE PHILANTHROPIC LEADERSHIP TO STRENGTHEN OUR COMMUNITY BY FOSTERING COLLABORATION AND GIVING TODAY AND IN THE FUTURE. SINCE 1973, MIDLAND AREA COMMUNITY FOUNDATION HAS PROVIDED AN AVENUE FOR INDIVIDUALS AND ORGANIZATIONS TO CHANGE THE COMMUNITY THROUGH PHILANTHROPIC GIVING. MACF AWARDS GRANTS AND SCHOLARSHIPS, OFFERS THE ABILITY FOR INDIVIDUALS AND FAMILIES TO INVEST IN THE COMMUNITY, AND SERVES AS A CATALYST FOR COLLABORATION AND CHANGE BY LEADING COMMUNITY DIALOGUE AND ACTION ON CRITICAL ISSUES."
541959458,COMMUNITY FOUNDATION SERVING WESTERN,VA,ROANOKE,122989535.00,8215768.00,WWW.CFWESTERNVA.ORG,5409850204,2023,"COMMUNITY FOUNDATION SERVING WESTERN VIRGINIA PROVIDES LEADERSHIP,RESOURCES, AND INSPIRATION FOR PHILANTHROPY IN THE COMMUNITIES IT SERVES. TO FULFILL THE FOUNDATION'S MISSION, IT: ENABLES DONORS TO CARRY OUT THEIR CHARITABLE INTENT THROUGH ENDOWMENT FUNDS; PROVIDES RESPONSIBLE STEWARDSHIP FOR ENTRUSTED FUNDS; MAKES CREATIVE GRANTS FOR CURRENT AND FUTURE COMMUNITY NEEDS AND OPPORTUNITIES; OFFERS COMPREHENSIVE SERVICES TO ENCOURAGE AND ADVANCE EFFECTIVE PHILANTHROPY; PROMOTES AND PARTICIPATES IN COLLABORATIVE EFFORTS TO SHAPE A HEALTHY, CARING COMMUNITY."
521782373,MID SHORE COMMUNITY FOUNDATION INC,MD,EASTON,122854685.00,13020459.00,WWW.MSCF.ORG,4108208175,2022,"THE FOUNDATION CONNECTS PRIVATE RESOURCES WITH PUBLIC NEEDS TO ENHANCE THE QUALITY OF LIFE FOR THE CITIZENS OF CAROLINE, DORCHESTER, KENT, QUEEN ANNE'S AND TALBOT COUNTIES, MARYLAND."
860465177,Catholic Community Foundation for the Diocese of Phoenix,AZ,Tempe,122311875.00,8876470.00,ccfphx.org,4806518800,2023,The Catholic Community Foundation is an independent 501c3 and a recognized Canonical entity that encourages compassionate charitable giving to provide sustainable support for those who serve our community.
061080097,THE COMMUNITY FOUNDATION OF EASTERN,CT,NEW LONDON,121799726.00,17283333.00,WWW.CFECT.ORG,8604423572,2023,"COLLABORATING WITH PARTNERS TO PUT PHILANTHROPY INTO ACTION TO ADDRESS THE NEEDS, RIGHTS AND INTERESTS OF OUR COMMUNITY IN EASTERN CONNECTICUT."
237026859,COMMUNITY FOUNDATIONS OF THE HUDSON,NY,POUGHKEEPSIE,121751054.00,33010069.00,WWW.COMMUNITYFOUNDATIONSHV.ORG,8454523077,2023,"THE COMMUNITY FOUNDATIONS OF THE HUDSON VALLEY STRENGTHENS OUR COMMUNITY BY OFFERING DONORS THE MEANS TO ESTABLISH CHARITABLE LEGACIES, BY MAKING GRANTS, AND BY PROVIDING LEADERSHIP TO ADDRESS COMMUNITY NEEDS IN A MANNER THAT IS RESPONSIBLE, RESPONSIVE AND LASTING."
232773822,CHESTER COUNTY COMMUNITY FOUNDATION,PA,WEST CHESTER,118449078.00,14532199.00,WWW.CHESCOCF.ORG,6106968211,2023,"THE CHESTER COUNTY COMMUNITY FOUNDATION CONNECTS PEOPLE WHO CARE WITH THE CAUSES THAT MATTER, SO THEIR PHILANTHROPY MAKES A DIFFERENCE NOW AND FOREVER."
582210876,COMMUNITY FOUNDATION OF SOUTH,GA,THOMASVILLE,117128885.00,12478316.00,WWW.CFSGA.NET,2292285088,2023,"OUR MISSION IS TO ENCOURAGE GIVING, INSPIRE ACTION, AND IMPROVE LIVES IN SOUTH GEORGIA THROUGH LOCAL FUNDS CREATED BY INDIVIDUALS, FAMILIES, BUSINESSES, AND NON-PROFITS IN SOUTH GEORGIA."
270978059,LAKESHORE COMMUNITY FOUNDATION INC,WI,MANITOWOC,115562778.00,16802979.00,HTTP://WWW.LAKESHORECOMMUNITYFOUNDATION.ORG/,9206825222,2024,"MISSION STATEMENT: TO GATHER, GROW, AND GIVE ENDOWED CHARITABLE FINANCIAL RESOURCES TO BUILD STRONGER, MORE VIBRANT COMMUNITIES NOW AND INTO THE FUTURE.VALUE STATEMENT:WE ARE COMMITTED TO MANAGING OUR CLIENTS' PHILANTHROPIC ENDOWMENTS IN PERPETUITY, WITH A FOCUS ON MINIMIZING COSTS AND FEES TO MAXIMIZE THEIR IMPACT ON THE GRANTEES THEY CARE ABOUT MOST. OUR PRIORITY REMAINS SOLELY ON SUPPORTING OUR CLIENTS' CHARITABLE GOALS, THEREBY STRENGTHENING OUR COMMUNITIES THROUGHOUT THE LAKESHORE AREA AND BEYOND."
200900981,Hamilton County Community Foundation Inc,IN,FISHERS,113383674.00,16576177.00,WWW.HAMILTONCOUNTYCOMMUNITYFOUNDATION.ORG/,3176342423,2023,"TO MOBILIZE PEOPLE, IDEAS AND INVESTMENT TO MAKE THIS A COMMUNITY WHERE EVERY INDIVIDUAL HAS EQUITABLE OPPORTUNITY TO REACH THEIR FULL POTENTIAL - NO MATTER PLACE, RACE OR IDENTITY. (Continued on Schedule O)"
351844891,COMMUNITY FOUNDATION OF HOWARD COUNTY,IN,KOKOMO,113126854.00,6307635.00,WWW.CFHOWARD.ORG,7654547298,2023,"THE MISSION OF THE COMMUNITY FOUNDATION SERVING HOWARD, CLINTON AND CARROLL COUNTIES IS TO BE STEWARDS HELPING DONORS MAKE OUR COMMUNITIES A BETTER PLACE TO LIVE EVERY DAY."
030472714,COMMUNITY FOUNDATION OF W GEORGIA,GA,CARROLLTON,111901851.00,5650923.00,WWW.CFWG.NET,7708321462,2024,TO ENHANCE THE QUALITY OF LIFE FOR THE PEOPLE OF THE WEST GEORGIA AREA.
630695166,THE COMMUNITY FOUNDATION OF SOUTH,AL,MOBILE,111352270.00,15401776.00,WWW.COMMUNITYFOUNDATIONSA.ORG,2514385591,2023,"THE COMMUNITY FOUNDATION OF SOUTH ALABAMA SEEKS TO BUILD PERMANENT ENDOWMENTS FOR THE LONG RANGE FUTURE OF THE REGION IT SERVES AND TO DRAW FROM THE STRENGTHS OF THE REGION'S DIVERSE POPULATION IN DESIGNING AND FUNDING INNOVATIVE PROGRAMS WHICH MEET COMMUNITY NEEDS. SERVING AS RESPONSIBLE STEWARDS OF THESE FUNDS, THE FOUNDATION MAKES GRANTS TO NON-PROFIT ORGANIZATIONS IN THE FIELDS OF ARTS AND CULTURE, CIVIC AND COMMUNITY, ANTI-CRIME AND ABUSE, EDUCATION, ENVIRONMENT, HEALTH, HUMAN SERVICES, AND RECREATION. THE FOUNDATION'S MISSION STATEMENT IS AS FOLLOWS: ""THE COMMUNITY FOUNDATION OF SOUTH ALABAMA ASSEMBLES AND DIRECTS PHILANTHROPIC ASSETS TO MAKE SOUTHWEST ALABAMA A BETTER PLACE."""
141505623,THE COMMUNITY FOUNDATION FOR THE GREATER,NY,ALBANY,110463310.00,8960281.00,WWW.CFGCR.ORG,5184469638,2023,"THE COMMUNITY FOUNDATION'S MISSION IS TO STRENGTHEN THE COMMUNITY THROUGH PHILANTHROPY. THE FOUNDATION DOES THIS IN COLLABORATION WITH DONORS AND COMMUNITY PARTNERS WHO SHARE ITS VISION FOR COMMUNITY TRANSFORMATION THROUGH STEWARDSHIP OF CHARITABLE ENDOWMENTS, SUPERIOR DONOR SERVICES, EFFECTIVE GRANT MAKING, AND LEADERSHIP TO ADDRESS COMMUNITY NEEDS."
351343903,HERITAGE FUND - THE COMMUNITY FOUNDATION,IN,COLUMBUS,110312886.00,10015349.00,WWW.HERITAGEFUNDBC.ORG,8123767772,2024,"TO INSPIRE GENEROSITY, TO GATHER AND GROW COMMUNITY LEADERS, AND TO ACT TO ENSURE THAT BARTHOLOMEW COUNTY IS ANEXCEPTIONAL PLACE FOR ALL TO LIVE, LEARN, WORK, AND PLAY."
386057160,BERRIEN COMMUNITY FOUNDATION INC,MI,ST JOSEPH,109491825.00,22676067.00,WWW.BERRIENCOMMUNITY.ORG,2699833304,2024,TO CONNECT THE POWER OF THE PEOPLE WHO CARE WITH CAUSES AND ORGANIZATIONS THAT STRENGTHEN OUR COMMUNITIES.
480972106,TOPEKA COMMUNITY FOUNDATION,KS,TOPEKA,107689362.00,17566856.00,HTTPS://TOPEKACOMMUNITYFOUNDATION.ORG/,7852724804,2023,"THE TOPEKA COMMUNITY FOUNDATION WORKS TO IMPROVE THE QUALITY OF LIFE IN THE TOPEKA REGION THROUGH AN ACTIVE PARTNERSHIP WITH DONORS AND OTHERS WHO WISH TO BRING POSITIVE CHANGE THROUGH CHARITABLE GIVING. THE FOUNDATION MANAGES CHARITABLE FUNDS STARTED BY INDIVIDUALS, FAMILIES, BUSINESSES, AND NONPROFIT ORGANIZATIONS."
510232459,THE COMMUNITY FOUNDATION FOR NORTHERN,VA,FAIRFAX,107386497.00,21043070.00,WWW.CFNOVA.ORG,7038797640,2023,SEE SCHEDULE O
911607005,GRAYS HARBOR COMMUNITY FOUNDATION,WA,HOQUIAM,106779070.00,31899742.00,WWW.GH-CF.ORG,3605321600,2024,"TO IMPROVE THE QUALITY OF LIFE IN ALL COMMUNITIES THROUGHOUT GRAYS HARBOR COUNTY, WASHINGTON. WE ACCOMPLISH THIS BY: 1. PROMOTING PHILANTHROPY AT ALL LEVELS OF GIVING. 2. SEEKING PERMANENT ENDOWMENT FUNDS AND OTHER CONTRIBUTIONS FROM A DIVERSE AND EVER-WIDENING GROUP TO HELP SUPPORT THE OPERATIONS OF THE ORGANIZATION AND TO GIVE OUT GRANTS AND SCHOLARSHIPS IN THE COMMUNITY."
561695787,HIGH POINT COMMUNITY FOUNDATION,NC,HIGH POINT,106439974.00,11126941.00,WWW.HPCOMMUNITYFOUNDATION.ORG,3368823298,2022,"THE HIGH POINT COMMUNITY FOUNDATION IS A CATALYST FOR POSITIVE CHANGE THAT PROMOTES PHILANTHROPY, ADMINISTERS AN EXPANDING GRANTS PROGRAM AND SERVES AS A TRUSTWORTHY PARTNER IN RESPONDING TO COMMUNITY NEEDS. OUR VISION IS TO ESTABLISH AND SUSTAIN A PERMANENT FINANCIAL RESOURCE THAT SUPPORTS A DIVERSE, HEALTHY, AND PRODUCTIVE COMMUNITY FOR BOTH PRESENT AND FUTURE GENERATIONS."
576019318,COMMUNITY FOUNDATION OF,SC,GREENVILLE,105576844.00,29839351.00,CFGREENVILLE.ORG,8642335925,2023,DISTRIBUTION OF FUNDS FOR COMMUNITY WELL-BEING.
593473384,THE COMMUNITY FOUNDATION OF NORTH,FL,TALLAHASSEE,105219877.00,8368144.00,WWW.CFNF.ORG,8502222899,2023,TO ENHANCE THE QUALITY OF LIFE IN THE NORTH FLORIDA COMMUNITY THROUGH THE PROMOTION AND SUPPORT OF CHARITABLE GIVING.
931019725,OREGON JEWISH COMMUNITY FOUNDATION,OR,PORTLAND,102007763.00,4785213.00,WWW.OJCF.ORG,5032489328,2022,TO BUILD AND PROMOTE A CULTURE OF GIVING IN OREGON AND SW WASHINGTON THAT SUPPORTS A THRIVING JEWISH COMMUNITY NOW AND FOR GENERATIONS TO COME.
953645825,JEWISH COMMUNITY FOUNDATION,CA,IRVINE,101055541.00,13318039.00,WWW.JCFOC.ORG,9494353490,2023,"AT THE JEWISH COMMUNITY FOUNDATION OF ORANGE COUNTY, WE SEEK TO GUARANTEE A JEWISH TOMORROW THROUGH THE CREATION OF A CULTURE OF LEGACY WITHIN THE ORANGE COUNTY JEWISH COMMUNITY AND BY EMPOWERING INDIVIDUALS TO ENGAGE IN EFFECTIVE, MEANINGFUL GIVING. BY PLANNING FOR THE CONTINUATION OF PHILANTHROPY INTO THE FUTURE WITH PERMANENT ENDOWMENTS COMBINED WITH CURRENT GIVING, WE SEEK TO ENSURE FINANCIAL RESOURCES FOR THE CONTINUED VITALITY OF INSTITUTIONS THAT PROMOTE JEWISH IDENTITY, SUPPORT A HIGH QUALITY OF JEWISH LIFE, AND BENEFIT THE PEOPLE OF ORANGE COUNTY AND JEWISH COMMUNITIES AROUND THE WORLD."
436064111,YOUTHBRIDGE COMMUNITY FOUNDATION,MO,SAINT LOUIS,100782493.00,25884817.00,WWW.YOUTHBRIDGE.ORG,3149856778,2023,"YOUTHBRIDGE COMMUNITY FOUNDATION PARTNERS WITH DONORS TO HELP CHARITIES IN THE ST. LOUIS REGION, ESPECIALLY THOSE FOCUSED ON CHILDREN, THROUGH LEADERSHIP, GRANTS AND DONOR SERVICES."
481209687,DOUGLAS COUNTY COMMUNITY FOUNDATION,KS,LAWRENCE,100662068.00,21308041.00,WWW.DCCFOUNDATION.ORG,7858438727,2023,"TO ENRICH THE QUALITY OF LIFE IN THE COMMUNITIES OF DOUGLAS COUNTY, KANSAS BY BUILDING PHILANTHROPIC RESOURCES AND RELATIONSHIPS, PROVIDING ATTRACTIVE OPTIONS FOR DONORS TO MAKE PHILANTHROPIC CONTRIBUTIONS, AND BEING A CATALYST FOR THE BETTERMENT OF THE LIVES OF THE CITIZENS."
251380549,Community Foundation of Warren County,PA,Warren,100461757.00,4202506.00,cfowc.org,8147269553,2023,Enhancing and sustaining the quality of life in Warren County through philanthropy.
481076910,HUTCHINSON COMMUNITY FOUNDATION,KS,HUTCHINSON,100379171.00,8559191.00,WWW.HUTCHCF.ORG,6206635293,2023,"INSPIRE PHILANTHROPY, LEADERSHIP, AND COLLABORATION TO STRENGTHEN RENO COUNTY."
204191391,COMMUNITY FOUNDATION FOR THE LAND OF LINCOLN INC,IL,SPRINGFIELD,100020399.00,26174940.00,WWW.CFLL.ORG,2177894431,2024,COMMUNITY FOUNDATION FOR THE LAND OF LINCOLN CONNECTS PEOPLE WHO CARE WITH CAUSES THAT MATTER.
436023126,ST LOUIS COMMUNITY FOUNDATION,MO,ST LOUIS,99008271.00,10305155.00,WWW.STLGIVES.ORG,3145888200,2023,"TO PROMOTE THE POSSIBILITIES OF CHARITABLE GIVING, HELPING CHARITABLE CITIZENS UNDERSTAND HOW THEY CAN EFFECTIVELY PROVIDE FOR THE COMMUNITY THEY LOVE AND THE CAUSES THEY CARE DEEPLY ABOUT."
630842355,CENTRAL ALABAMA COMMUNITY FOUNDATION,AL,MONTGOMERY,98203290.00,12262868.00,WWW.CACFINFO.ORG,3342646223,2023,SOLICIT CONTRIBUTIONS AND DISBURSE FUNDS TO TAX-EXEMPT ORGANIZATIONS
841171836,COMMUNITY FOUNDATION BOULDER COUNTY,CO,BOULDER,97823398.00,10856993.00,WWW.COMMFOUND.ORG,3034420436,2023,"CFBC NURTURES AND ACTIVATES THE IDEAS, GENEROSITY, AND LEADERSHIP OF THE COMMUNITY TO GALVANIZE RESOURCES AND SUPPORT EQUITABLE SOLUTIONS FOR ALL WHO LIVE/WORK IN BOULDER."
352000788,PORTER COUNTY COMMUNITY FOUNDATION INC,IN,VALPARAISO,96708141.00,7050984.00,WWW.PCCF.GIVES,2194650294,2023,TO STRENGTHEN OUR COMMUNITY THROUGH LASTING GENEROSITY AND LEADERSHIP
330794699,COMMUNITY FOUNDATION CHARITABLE REAL,CA,SAN DIEGO,96519581.00,1212218.00,WWW.JCFSANDIEGO.ORG,8582792740,2019,TO CONDUCT OR SUPPORT ACTIVITIES FOR THE BENEFIT OF THE JEWISH COMMUNITY FOUNDATION OF SAN DIEGO.
381872132,COMMUNITY FOUNDATION OF,MI,PORT HURON,96206834.00,6398623.00,WWW.STCLAIRFOUNDATION.ORG,8109844761,2023,"TO SERVE THE CHARITABLE NEEDS AND ENHANCE THE QUALITY OF LIFE IN ST. CLAIR COUNTY BY PROVIDING THE MEANS TO ACHIEVE CHARITABLE GOALS, BUILD PERMANENT ENDOWMENTS AND SUPPORT THE ST CLAIR COUNTY COMMUNITY."
481022361,WICHITA COMMUNITY FOUNDATION,KS,WICHITA,95625869.00,13064414.00,WWW.WICHITACF.ORG,3162644880,2021,"TO RECEIVE AND ACCEPT PROPERTY TO BE ADMINISTERED EXCLUSIVELY FOR CHARITABLE PURPOSES, PRIMARILY IN, OR FOR THE BENEFIT OF, THE COMMUNITY OF WICHITA, KANSAS AND SOUTHCENTRAL KANSAS AND TO DISTRIBUTE PROPERTY TO QUALIFIED CHARITABLE ORGANIZATIONS OR FOR CHARITABLE PURPOSES."
